npm verbose cli C:\Program Files\nodejs\node.exe C:\Program Files\nodejs\node_modules\npm\bin\npm-cli.js
npm info using npm@10.9.2
npm info using node@v22.15.0
npm verbose title npm install
npm verbose argv "install" "--no-audit" "--no-fund" "--loglevel" "verbose"
npm verbose logfile logs-max:10 dir:C:\Users\Genius\AppData\Local\npm-cache\_logs\2026-08-11T13_10_42_351Z-
npm verbose logfile C:\Users\Genius\AppData\Local\npm-cache\_logs\2026-08-11T13_10_42_351Z-debug-0.log
npm http fetch GET 200 https://registry.npmjs.org/@auth%2fprisma-adapter 1411ms (cache revalidated)
npm http fetch GET 200 https://registry.npmjs.org/@prisma%2fclient 524ms (cache revalidated)
npm http fetch GET 200 https://registry.npmjs.org/prisma 434ms (cache revalidated)
npm http fetch GET 200 https://registry.npmjs.org/typescript 180ms (cache revalidated)
npm http fetch GET 200 https://registry.npmjs.org/@gsap%2freact 570ms (cache revalidated)
npm http fetch GET 200 https://registry.npmjs.org/gsap 115ms (cache revalidated)
npm http fetch GET 200 https://registry.npmjs.org/react 128ms (cache revalidated)
npm http fetch GET 200 https://registry.npmjs.org/@react-three%2fdrei 803ms (cache updated)
npm http fetch GET 200 https://registry.npmjs.org/@react-three%2ffiber 561ms (cache updated)
npm http fetch GET 200 https://registry.npmjs.org/expo 351ms (cache updated)
npm http fetch GET 200 https://registry.npmjs.org/@expo%2fmetro-runtime 149ms (cache updated)
npm http fetch GET 200 https://registry.npmjs.org/react-dom 118ms (cache revalidated)
npm http fetch GET 200 https://registry.npmjs.org/react-native 554ms (cache updated)
npm http fetch GET 200 https://registry.npmjs.org/@react-native%2fjest-preset 126ms (cache updated)
npm http fetch GET 200 https://registry.npmjs.org/@types%2freact 110ms (cache revalidated)
npm http fetch GET 200 https://registry.npmjs.org/react-native-web 161ms (cache revalidated)
npm http fetch GET 200 https://registry.npmjs.org/react-native-webview 155ms (cache revalidated)
npm http fetch GET 200 https://registry.npmjs.org/expo-asset 202ms (cache updated)
npm http fetch GET 200 https://registry.npmjs.org/expo-file-system 157ms (cache updated)
npm http fetch GET 200 https://registry.npmjs.org/expo-gl 167ms (cache updated)
npm http fetch GET 200 https://registry.npmjs.org/react-native-reanimated 594ms (cache updated)
npm http fetch GET 200 https://registry.npmjs.org/react-native-worklets 299ms (cache updated)
npm http fetch GET 200 https://registry.npmjs.org/@babel%2fcore 138ms (cache revalidated)
npm http fetch GET 200 https://registry.npmjs.org/@react-native%2fmetro-config 290ms (cache updated)
npm http fetch GET 200 https://registry.npmjs.org/three 133ms (cache revalidated)
npm http fetch GET 200 https://registry.npmjs.org/@t3-oss%2fenv-nextjs 523ms (cache revalidated)
npm http fetch GET 200 https://registry.npmjs.org/arktype 284ms (cache revalidated)
npm http fetch GET 200 https://registry.npmjs.org/valibot 113ms (cache revalidated)
npm http fetch GET 200 https://registry.npmjs.org/zod 108ms (cache revalidated)
npm http fetch GET 200 https://registry.npmjs.org/@tanstack%2freact-query 126ms (cache revalidated)
npm http fetch GET 200 https://registry.npmjs.org/@trpc%2fclient 347ms (cache revalidated)
npm http fetch GET 200 https://registry.npmjs.org/@trpc%2fserver 185ms (cache revalidated)
npm http fetch GET 200 https://registry.npmjs.org/@trpc%2freact-query 592ms (cache revalidated)
npm http fetch GET 200 https://registry.npmjs.org/framer-motion 173ms (cache revalidated)
npm http fetch GET 200 https://registry.npmjs.org/lenis 128ms (cache revalidated)
npm http fetch GET 200 https://registry.npmjs.org/@nuxt%2fkit 158ms (cache revalidated)
npm http fetch GET 200 https://registry.npmjs.org/vue 90ms (cache revalidated)
npm http fetch GET 200 https://registry.npmjs.org/next 268ms (cache revalidated)
npm http fetch GET 200 https://registry.npmjs.org/@opentelemetry%2fapi 130ms (cache revalidated)
npm http fetch GET 200 https://registry.npmjs.org/@playwright%2ftest 138ms (cache revalidated)
npm http fetch GET 200 https://registry.npmjs.org/babel-plugin-react-compiler 182ms (cache revalidated)
npm http fetch GET 200 https://registry.npmjs.org/sass 161ms (cache revalidated)
npm http fetch GET 200 https://registry.npmjs.org/next-auth 327ms (cache revalidated)
npm http fetch GET 200 https://registry.npmjs.org/@simplewebauthn%2fbrowser 119ms (cache revalidated)
npm http fetch GET 200 https://registry.npmjs.org/@simplewebauthn%2fserver 117ms (cache revalidated)
npm http fetch GET 200 https://registry.npmjs.org/nodemailer 112ms (cache revalidated)
npm http fetch GET 200 https://registry.npmjs.org/server-only 118ms (cache revalidated)
npm http fetch GET 200 https://registry.npmjs.org/superjson 139ms (cache revalidated)
npm http fetch GET 200 https://registry.npmjs.org/@tailwindcss%2fpostcss 109ms (cache revalidated)
npm http fetch GET 200 https://registry.npmjs.org/@types%2fnode 138ms (cache revalidated)
npm http fetch GET 200 https://registry.npmjs.org/@types%2freact-dom 177ms (cache revalidated)
npm http fetch GET 200 https://registry.npmjs.org/eslint 133ms (cache revalidated)
npm http fetch GET 200 https://registry.npmjs.org/jiti 98ms (cache revalidated)
npm http fetch GET 200 https://registry.npmjs.org/eslint-config-next 117ms (cache revalidated)
npm http fetch GET 200 https://registry.npmjs.org/postcss 154ms (cache updated)
npm http fetch GET 200 https://registry.npmjs.org/prettier 301ms (cache revalidated)
npm http fetch GET 200 https://registry.npmjs.org/prettier-plugin-tailwindcss 348ms (cache revalidated)
npm http fetch GET 200 https://registry.npmjs.org/@ianvs%2fprettier-plugin-sort-imports 481ms (cache revalidated)
npm http fetch GET 200 https://registry.npmjs.org/@prettier%2fplugin-oxc 298ms (cache revalidated)
npm http fetch GET 200 https://registry.npmjs.org/@vue%2fcompiler-sfc 195ms (cache updated)
npm http fetch GET 200 https://registry.npmjs.org/content-tag 107ms (cache revalidated)
npm http fetch GET 200 https://registry.npmjs.org/prettier-plugin-ember-template-tag 111ms (cache revalidated)
npm http fetch GET 200 https://registry.npmjs.org/@prettier%2fplugin-hermes 389ms (cache revalidated)
npm http fetch GET 200 https://registry.npmjs.org/@prettier%2fplugin-pug 187ms (cache revalidated)
npm http fetch GET 200 https://registry.npmjs.org/@shopify%2fprettier-plugin-liquid 146ms (cache revalidated)
npm http fetch GET 200 https://registry.npmjs.org/@trivago%2fprettier-plugin-sort-imports 277ms (cache revalidated)
npm http fetch GET 200 https://registry.npmjs.org/prettier-plugin-svelte 119ms (cache revalidated)
npm http fetch GET 200 https://registry.npmjs.org/svelte 232ms (cache revalidated)
npm http fetch GET 200 https://registry.npmjs.org/@zackad%2fprettier-plugin-twig 232ms (cache revalidated)
npm http fetch GET 200 https://registry.npmjs.org/prettier-plugin-astro 111ms (cache revalidated)
npm http fetch GET 200 https://registry.npmjs.org/prettier-plugin-css-order 139ms (cache revalidated)
npm http fetch GET 200 https://registry.npmjs.org/prettier-plugin-import-sort 288ms (cache revalidated)
npm http fetch GET 200 https://registry.npmjs.org/prettier-plugin-jsdoc 159ms (cache revalidated)
npm http fetch GET 200 https://registry.npmjs.org/prettier-plugin-marko 112ms (cache revalidated)
npm http fetch GET 200 https://registry.npmjs.org/prettier-plugin-multiline-arrays 109ms (cache revalidated)
npm http fetch GET 200 https://registry.npmjs.org/prettier-plugin-organize-attributes 112ms (cache revalidated)
npm http fetch GET 200 https://registry.npmjs.org/prettier-plugin-organize-imports 131ms (cache revalidated)
npm http fetch GET 200 https://registry.npmjs.org/vue-tsc 115ms (cache revalidated)
npm http fetch GET 200 https://registry.npmjs.org/prettier-plugin-sort-imports 96ms (cache revalidated)
npm http fetch GET 200 https://registry.npmjs.org/prettier-plugin-style-order 111ms (cache revalidated)
npm http fetch GET 200 https://registry.npmjs.org/tailwindcss 634ms (cache updated)
npm http fetch GET 200 https://registry.npmjs.org/@auth%2fcore 560ms (cache revalidated)
npm http fetch GET 200 https://registry.npmjs.org/maath 989ms (cache revalidated)
npm http fetch GET 200 https://registry.npmjs.org/zustand 550ms (cache revalidated)
npm http fetch GET 200 https://registry.npmjs.org/meshline 104ms (cache revalidated)
npm http fetch GET 200 https://registry.npmjs.org/stats-gl 114ms (cache revalidated)
npm http fetch GET 200 https://registry.npmjs.org/stats.js 125ms (cache revalidated)
npm http fetch GET 200 https://registry.npmjs.org/cross-env 100ms (cache revalidated)
npm http fetch GET 200 https://registry.npmjs.org/detect-gpu 152ms (cache revalidated)
npm http fetch GET 200 https://registry.npmjs.org/hls.js 1525ms (cache updated)
npm http fetch GET 200 https://registry.npmjs.org/glsl-noise 379ms (cache revalidated)
npm http fetch GET 200 https://registry.npmjs.org/tunnel-rat 337ms (cache revalidated)
npm http fetch GET 200 https://registry.npmjs.org/three-stdlib 129ms (cache revalidated)
npm http fetch GET 200 https://registry.npmjs.org/suspend-react 125ms (cache revalidated)
npm http fetch GET 200 https://registry.npmjs.org/utility-types 127ms (cache revalidated)
npm http fetch GET 200 https://registry.npmjs.org/three-mesh-bvh 163ms (cache revalidated)
npm http fetch GET 200 https://registry.npmjs.org/@babel%2fruntime 180ms (cache revalidated)
npm http fetch GET 200 https://registry.npmjs.org/camera-controls 196ms (cache revalidated)
npm http fetch GET 200 https://registry.npmjs.org/troika-three-text 169ms (cache revalidated)
npm http fetch GET 200 https://registry.npmjs.org/@use-gesture%2freact 125ms (cache revalidated)
npm http fetch GET 200 https://registry.npmjs.org/@monogrid%2fgainmap-js 178ms (cache revalidated)
npm http fetch GET 200 https://registry.npmjs.org/@mediapipe%2ftasks-vision 237ms (cache updated)
npm http fetch GET 200 https://registry.npmjs.org/buffer 192ms (cache revalidated)
npm http fetch GET 200 https://registry.npmjs.org/its-fine 216ms (cache revalidated)
npm http fetch GET 200 https://registry.npmjs.org/use-sync-external-store 469ms (cache updated)
npm http fetch GET 200 https://registry.npmjs.org/base64-js 233ms (cache revalidated)
npm http cache https://registry.npmjs.org/@babel%2fruntime 28ms (cache hit)
npm http fetch GET 200 https://registry.npmjs.org/@types%2fwebxr 187ms (cache revalidated)
npm http fetch GET 200 https://registry.npmjs.org/react-use-measure 216ms (cache revalidated)
npm http cache https://registry.npmjs.org/postcss 17ms (cache hit)
npm http cache https://registry.npmjs.org/tailwindcss 82ms (cache hit)
npm http fetch GET 200 https://registry.npmjs.org/@t3-oss%2fenv-core 454ms (cache revalidated)
npm http fetch GET 200 https://registry.npmjs.org/@alloc%2fquick-lru 398ms (cache revalidated)
npm http fetch GET 200 https://registry.npmjs.org/scheduler 1146ms (cache updated)
npm http fetch GET 200 https://registry.npmjs.org/@tailwindcss%2fnode 496ms (cache revalidated)
npm http fetch GET 200 https://registry.npmjs.org/@tailwindcss%2foxide 163ms (cache revalidated)
npm http fetch GET 200 https://registry.npmjs.org/@tanstack%2fquery-core 239ms (cache revalidated)
npm http fetch GET 200 https://registry.npmjs.org/csstype 128ms (cache revalidated)
npm http fetch GET 200 https://registry.npmjs.org/undici-types 234ms (cache revalidated)
npm http fetch GET 200 https://registry.npmjs.org/chalk 186ms (cache revalidated)
npm http fetch GET 200 https://registry.npmjs.org/ajv 204ms (cache revalidated)
npm http fetch GET 200 https://registry.npmjs.org/debug 194ms (cache revalidated)
npm http fetch GET 200 https://registry.npmjs.org/espree 139ms (cache revalidated)
npm http fetch GET 200 https://registry.npmjs.org/ignore 124ms (cache revalidated)
npm http fetch GET 200 https://registry.npmjs.org/esquery 125ms (cache revalidated)
npm http fetch GET 200 https://registry.npmjs.org/find-up 173ms (cache revalidated)
npm http fetch GET 200 https://registry.npmjs.org/esutils 191ms (cache revalidated)
npm http fetch GET 200 https://registry.npmjs.org/is-glob 165ms (cache revalidated)
npm http fetch GET 200 https://registry.npmjs.org/minimatch 119ms (cache revalidated)
npm http fetch GET 200 https://registry.npmjs.org/optionator 118ms (cache revalidated)
npm http fetch GET 200 https://registry.npmjs.org/@eslint%2fjs 137ms (cache revalidated)
npm http fetch GET 200 https://registry.npmjs.org/glob-parent 125ms (cache revalidated)
npm http fetch GET 200 https://registry.npmjs.org/cross-spawn 137ms (cache revalidated)
npm http fetch GET 200 https://registry.npmjs.org/imurmurhash 126ms (cache revalidated)
npm http fetch GET 200 https://registry.npmjs.org/@eslint%2fcore 125ms (cache revalidated)
npm http fetch GET 200 https://registry.npmjs.org/@humanfs%2fnode 113ms (cache revalidated)
npm http fetch GET 200 https://registry.npmjs.org/eslint-scope 257ms (cache revalidated)
npm http fetch GET 200 https://registry.npmjs.org/lodash.merge 251ms (cache revalidated)
npm http fetch GET 200 https://registry.npmjs.org/@types%2festree 111ms (cache revalidated)
npm http fetch GET 200 https://registry.npmjs.org/fast-deep-equal 122ms (cache revalidated)
npm http fetch GET 200 https://registry.npmjs.org/natural-compare 121ms (cache revalidated)
npm http fetch GET 200 https://registry.npmjs.org/@eslint%2feslintrc 111ms (cache revalidated)
npm http fetch GET 200 https://registry.npmjs.org/file-entry-cache 105ms (cache revalidated)
npm http fetch GET 200 https://registry.npmjs.org/@eslint%2fplugin-kit 127ms (cache revalidated)
npm http fetch GET 200 https://registry.npmjs.org/eslint-visitor-keys 115ms (cache revalidated)
npm http fetch GET 200 https://registry.npmjs.org/@humanwhocodes%2fretry 187ms (cache revalidated)
npm http fetch GET 200 https://registry.npmjs.org/@eslint%2fconfig-array 220ms (cache revalidated)
npm http fetch GET 200 https://registry.npmjs.org/escape-string-regexp 267ms (cache revalidated)
npm http fetch GET 200 https://registry.npmjs.org/@eslint-community%2fregexpp 146ms (cache revalidated)
npm http fetch GET 200 https://registry.npmjs.org/@eslint%2fconfig-helpers 165ms (cache revalidated)
npm http fetch GET 200 https://registry.npmjs.org/@humanwhocodes%2fmodule-importer 110ms (cache revalidated)
npm http fetch GET 200 https://registry.npmjs.org/json-stable-stringify-without-jsonify 105ms (cache revalidated)
npm http fetch GET 200 https://registry.npmjs.org/@eslint-community%2feslint-utils 126ms (cache revalidated)
npm http fetch GET 200 https://registry.npmjs.org/eslint-plugin-jsx-a11y 127ms (cache revalidated)
npm http fetch GET 200 https://registry.npmjs.org/eslint-plugin-import 138ms (cache revalidated)
npm http fetch GET 200 https://registry.npmjs.org/@rushstack%2feslint-patch 121ms (cache revalidated)
npm http fetch GET 200 https://registry.npmjs.org/@next%2feslint-plugin-next 149ms (cache revalidated)
npm http fetch GET 200 https://registry.npmjs.org/eslint-plugin-react 462ms (cache revalidated)
npm http fetch GET 200 https://registry.npmjs.org/@typescript-eslint%2fparser 338ms (cache revalidated)
npm http fetch GET 200 https://registry.npmjs.org/eslint-plugin-react-hooks 447ms (cache revalidated)
npm http fetch GET 200 https://registry.npmjs.org/eslint-import-resolver-node 586ms (cache revalidated)
npm http fetch GET 200 https://registry.npmjs.org/eslint-import-resolver-typescript 166ms (cache revalidated)
npm http fetch GET 200 https://registry.npmjs.org/tslib 101ms (cache revalidated)
npm http fetch GET 200 https://registry.npmjs.org/@typescript-eslint%2feslint-plugin 432ms (cache revalidated)
npm http fetch GET 200 https://registry.npmjs.org/motion-utils 352ms (cache revalidated)
npm http fetch GET 200 https://registry.npmjs.org/motion-dom 372ms (cache revalidated)
npm http fetch GET 200 https://registry.npmjs.org/@swc%2fhelpers 119ms (cache revalidated)
npm http fetch GET 200 https://registry.npmjs.org/styled-jsx 152ms (cache revalidated)
npm http fetch GET 200 https://registry.npmjs.org/caniuse-lite 170ms (cache revalidated)
npm http fetch GET 200 https://registry.npmjs.org/@next%2fenv 368ms (cache revalidated)
npm http fetch GET 200 https://registry.npmjs.org/sharp 302ms (cache revalidated)
npm http fetch GET 200 https://registry.npmjs.org/@next%2fswc-linux-x64-gnu 157ms (cache revalidated)
npm http fetch GET 200 https://registry.npmjs.org/@next%2fswc-darwin-x64 437ms (cache revalidated)
npm http fetch GET 200 https://registry.npmjs.org/@next%2fswc-darwin-arm64 506ms (cache revalidated)
npm http fetch GET 200 https://registry.npmjs.org/@next%2fswc-linux-x64-musl 444ms (cache revalidated)
npm http fetch GET 200 https://registry.npmjs.org/@next%2fswc-linux-arm64-gnu 252ms (cache revalidated)
npm http fetch GET 200 https://registry.npmjs.org/@next%2fswc-win32-x64-msvc 588ms (cache revalidated)
npm http fetch GET 200 https://registry.npmjs.org/@next%2fswc-win32-arm64-msvc 235ms (cache revalidated)
npm http fetch GET 200 https://registry.npmjs.org/@next%2fswc-linux-arm64-musl 577ms (cache revalidated)
npm http fetch GET 200 https://registry.npmjs.org/nanoid 310ms (cache updated)
npm http fetch GET 200 https://registry.npmjs.org/source-map-js 133ms (cache revalidated)
npm http fetch GET 200 https://registry.npmjs.org/@prisma%2fconfig 188ms (cache revalidated)
npm http fetch GET 200 https://registry.npmjs.org/@prisma%2fengines 307ms (cache revalidated)
npm http fetch GET 200 https://registry.npmjs.org/picocolors 1426ms (cache revalidated)
npm http fetch GET 200 https://registry.npmjs.org/copy-anything 1148ms (cache revalidated)
npm http fetch GET 200 https://registry.npmjs.org/jose 116ms (cache revalidated)
npm http fetch GET 200 https://registry.npmjs.org/oauth4webapi 162ms (cache updated)
npm http fetch GET 200 https://registry.npmjs.org/@panva%2fhkdf 335ms (cache revalidated)
npm http fetch GET 200 https://registry.npmjs.org/preact 208ms (cache updated)
npm http fetch GET 200 https://registry.npmjs.org/preact-render-to-string 335ms (cache revalidated)
npm http fetch GET 200 https://registry.npmjs.org/@types%2fthree 118ms (cache revalidated)
npm http cache https://registry.npmjs.org/@types%2freact 30ms (cache hit)
npm http fetch GET 200 https://registry.npmjs.org/immer 183ms (cache updated)
npm http cache https://registry.npmjs.org/react 71ms (cache hit)
npm http fetch GET 200 https://registry.npmjs.org/promise-worker-transferable 112ms (cache revalidated)
npm http fetch GET 200 https://registry.npmjs.org/@use-gesture%2fcore 126ms (cache revalidated)
npm http fetch GET 200 https://registry.npmjs.org/meshoptimizer 123ms (cache revalidated)
npm http fetch GET 200 https://registry.npmjs.org/fflate 148ms (cache revalidated)
npm http fetch GET 200 https://registry.npmjs.org/webgl-constants 285ms (cache revalidated)
npm http fetch GET 200 https://registry.npmjs.org/@types%2fstats.js 116ms (cache revalidated)
npm http fetch GET 200 https://registry.npmjs.org/@tweenjs%2ftween.js 130ms (cache revalidated)
npm http fetch GET 200 https://registry.npmjs.org/@dimforge%2frapier3d-compat 150ms (cache updated)
npm http fetch GET 200 https://registry.npmjs.org/@types%2fdraco3d 108ms (cache revalidated)
npm http fetch GET 200 https://registry.npmjs.org/@types%2foffscreencanvas 94ms (cache revalidated)
npm http fetch GET 200 https://registry.npmjs.org/draco3d 86ms (cache revalidated)
npm http fetch GET 200 https://registry.npmjs.org/potpack 146ms (cache revalidated)
npm http fetch GET 200 https://registry.npmjs.org/bidi-js 147ms (cache revalidated)
npm http fetch GET 200 https://registry.npmjs.org/troika-three-utils 280ms (cache revalidated)
npm http fetch GET 200 https://registry.npmjs.org/webgl-sdf-generator 276ms (cache revalidated)
npm http fetch GET 200 https://registry.npmjs.org/troika-worker-utils 304ms (cache revalidated)
npm http fetch GET 200 https://registry.npmjs.org/is-promise 110ms (cache revalidated)
npm http fetch GET 200 https://registry.npmjs.org/lie 139ms (cache revalidated)
npm http cache https://registry.npmjs.org/react 26ms (cache hit)
npm http cache https://registry.npmjs.org/react-dom 89ms (cache hit)
npm http fetch GET 200 https://registry.npmjs.org/ieee754 178ms (cache revalidated)
npm http fetch GET 200 https://registry.npmjs.org/@types%2freact-reconciler 351ms (cache revalidated)
npm http cache https://registry.npmjs.org/typescript 117ms (cache hit)
npm http cache https://registry.npmjs.org/zod 83ms (cache hit)
npm http fetch GET 200 https://registry.npmjs.org/magic-string 124ms (cache revalidated)
npm http fetch GET 200 https://registry.npmjs.org/enhanced-resolve 130ms (cache revalidated)
npm http fetch GET 200 https://registry.npmjs.org/lightningcss 142ms (cache revalidated)
npm http fetch GET 200 https://registry.npmjs.org/@tailwindcss%2foxide-freebsd-x64 101ms (cache revalidated)
npm http fetch GET 200 https://registry.npmjs.org/@jridgewell%2fremapping 140ms (cache revalidated)
npm http fetch GET 200 https://registry.npmjs.org/@tailwindcss%2foxide-darwin-x64 139ms (cache revalidated)
npm http fetch GET 200 https://registry.npmjs.org/@tailwindcss%2foxide-wasm32-wasi 156ms (cache revalidated)
npm http fetch GET 200 https://registry.npmjs.org/@tailwindcss%2foxide-darwin-arm64 190ms (cache revalidated)
npm http fetch GET 200 https://registry.npmjs.org/@tailwindcss%2foxide-android-arm64 189ms (cache revalidated)
npm http fetch GET 200 https://registry.npmjs.org/@tailwindcss%2foxide-linux-x64-musl 153ms (cache revalidated)
npm http fetch GET 200 https://registry.npmjs.org/@tailwindcss%2foxide-linux-x64-gnu 226ms (cache revalidated)
npm http fetch GET 200 https://registry.npmjs.org/@tailwindcss%2foxide-win32-x64-msvc 201ms (cache revalidated)
npm http fetch GET 200 https://registry.npmjs.org/@tailwindcss%2foxide-linux-arm64-gnu 180ms (cache revalidated)
npm http fetch GET 200 https://registry.npmjs.org/@tailwindcss%2foxide-linux-arm64-musl 180ms (cache revalidated)
npm http fetch GET 200 https://registry.npmjs.org/@tailwindcss%2foxide-win32-arm64-msvc 186ms (cache revalidated)
npm http fetch GET 200 https://registry.npmjs.org/@tailwindcss%2foxide-linux-arm-gnueabihf 179ms (cache revalidated)
npm http fetch GET 200 https://registry.npmjs.org/@jridgewell%2fgen-mapping 142ms (cache revalidated)
npm http fetch GET 200 https://registry.npmjs.org/@jridgewell%2ftrace-mapping 146ms (cache revalidated)
npm http fetch GET 200 https://registry.npmjs.org/graceful-fs 131ms (cache revalidated)
npm http fetch GET 200 https://registry.npmjs.org/detect-libc 158ms (cache revalidated)
npm http fetch GET 200 https://registry.npmjs.org/tapable 320ms (cache revalidated)
npm http fetch GET 200 https://registry.npmjs.org/lightningcss-darwin-x64 108ms (cache revalidated)
npm http fetch GET 200 https://registry.npmjs.org/lightningcss-freebsd-x64 127ms (cache revalidated)
npm http fetch GET 200 https://registry.npmjs.org/lightningcss-darwin-arm64 121ms (cache revalidated)
npm http fetch GET 200 https://registry.npmjs.org/lightningcss-android-arm64 107ms (cache revalidated)
npm http fetch GET 200 https://registry.npmjs.org/lightningcss-linux-x64-musl 96ms (cache revalidated)
npm http fetch GET 200 https://registry.npmjs.org/lightningcss-linux-x64-gnu 115ms (cache revalidated)
npm http fetch GET 200 https://registry.npmjs.org/lightningcss-win32-x64-msvc 119ms (cache revalidated)
npm http fetch GET 200 https://registry.npmjs.org/lightningcss-linux-arm64-musl 97ms (cache revalidated)
npm http fetch GET 200 https://registry.npmjs.org/lightningcss-linux-arm64-gnu 103ms (cache revalidated)
npm http fetch GET 200 https://registry.npmjs.org/lightningcss-win32-arm64-msvc 114ms (cache revalidated)
npm http fetch GET 200 https://registry.npmjs.org/lightningcss-linux-arm-gnueabihf 101ms (cache revalidated)
npm http fetch GET 200 https://registry.npmjs.org/@jridgewell%2fsourcemap-codec 107ms (cache revalidated)
npm http fetch GET 200 https://registry.npmjs.org/@jridgewell%2fresolve-uri 125ms (cache revalidated)
npm http fetch GET 200 https://registry.npmjs.org/shebang-command 121ms (cache revalidated)
npm http fetch GET 200 https://registry.npmjs.org/path-key 127ms (cache revalidated)
npm http fetch GET 200 https://registry.npmjs.org/which 129ms (cache revalidated)
npm http fetch GET 200 https://registry.npmjs.org/shebang-regex 113ms (cache revalidated)
npm http fetch GET 200 https://registry.npmjs.org/isexe 159ms (cache revalidated)
npm http cache https://registry.npmjs.org/eslint 51ms (cache hit)
npm http fetch GET 200 https://registry.npmjs.org/globals 134ms (cache revalidated)
npm http fetch GET 200 https://registry.npmjs.org/@types%2fjson-schema 160ms (cache revalidated)
npm http fetch GET 200 https://registry.npmjs.org/@eslint%2fobject-schema 170ms (cache revalidated)
npm http fetch GET 200 https://registry.npmjs.org/strip-json-comments 96ms (cache revalidated)
npm http fetch GET 200 https://registry.npmjs.org/import-fresh 131ms (cache revalidated)
npm http fetch GET 200 https://registry.npmjs.org/js-yaml 112ms (cache revalidated)
npm http fetch GET 200 https://registry.npmjs.org/levn 133ms (cache revalidated)
npm http fetch GET 200 https://registry.npmjs.org/@humanfs%2fcore 131ms (cache revalidated)
npm http fetch GET 200 https://registry.npmjs.org/@humanfs%2ftypes 132ms (cache revalidated)
npm http fetch GET 200 https://registry.npmjs.org/uri-js 119ms (cache revalidated)
npm http fetch GET 200 https://registry.npmjs.org/fast-json-stable-stringify 116ms (cache revalidated)
npm http fetch GET 200 https://registry.npmjs.org/json-schema-traverse 133ms (cache revalidated)
npm http fetch GET 200 https://registry.npmjs.org/ansi-styles 122ms (cache revalidated)
npm http fetch GET 200 https://registry.npmjs.org/supports-color 116ms (cache revalidated)
npm http fetch GET 200 https://registry.npmjs.org/ms 119ms (cache revalidated)
npm http fetch GET 200 https://registry.npmjs.org/esrecurse 102ms (cache revalidated)
npm http fetch GET 200 https://registry.npmjs.org/acorn 100ms (cache revalidated)
npm http fetch GET 200 https://registry.npmjs.org/estraverse 115ms (cache revalidated)
npm http cache https://registry.npmjs.org/estraverse 19ms (cache hit)
npm http fetch GET 200 https://registry.npmjs.org/flat-cache 100ms (cache revalidated)
npm http fetch GET 200 https://registry.npmjs.org/acorn-jsx 120ms (cache revalidated)
npm http fetch GET 200 https://registry.npmjs.org/locate-path 105ms (cache revalidated)
npm http fetch GET 200 https://registry.npmjs.org/path-exists 95ms (cache revalidated)
npm http fetch GET 200 https://registry.npmjs.org/is-extglob 101ms (cache revalidated)
npm http fetch GET 200 https://registry.npmjs.org/brace-expansion 86ms (cache revalidated)
npm http fetch GET 200 https://registry.npmjs.org/deep-is 113ms (cache revalidated)
npm http fetch GET 200 https://registry.npmjs.org/word-wrap 143ms (cache revalidated)
npm http fetch GET 200 https://registry.npmjs.org/prelude-ls 196ms (cache revalidated)
npm http fetch GET 200 https://registry.npmjs.org/fast-levenshtein 129ms (cache revalidated)
npm http fetch GET 200 https://registry.npmjs.org/type-check 186ms (cache revalidated)
npm http fetch GET 200 https://registry.npmjs.org/parent-module 158ms (cache revalidated)
npm http fetch GET 200 https://registry.npmjs.org/resolve-from 160ms (cache revalidated)
npm http fetch GET 200 https://registry.npmjs.org/argparse 170ms (cache revalidated)
npm http fetch GET 200 https://registry.npmjs.org/punycode 105ms (cache revalidated)
npm http fetch GET 200 https://registry.npmjs.org/has-flag 123ms (cache revalidated)
npm http fetch GET 200 https://registry.npmjs.org/color-convert 139ms (cache revalidated)
npm http fetch GET 200 https://registry.npmjs.org/color-name 138ms (cache revalidated)
npm http cache https://registry.npmjs.org/eslint 29ms (cache hit)
npm http cache https://registry.npmjs.org/typescript 66ms (cache hit)
npm http cache https://registry.npmjs.org/typescript 110ms (cache hit)
npm http fetch GET 200 https://registry.npmjs.org/eslint-plugin-import-x 334ms (cache revalidated)
npm http fetch GET 200 https://registry.npmjs.org/@typescript-eslint%2futils 232ms (cache revalidated)
npm http cache https://registry.npmjs.org/@typescript-eslint%2futils 36ms (cache hit)
npm http fetch GET 200 https://registry.npmjs.org/fast-glob 214ms (cache revalidated)
npm http fetch GET 200 https://registry.npmjs.org/ts-api-utils 239ms (cache revalidated)
npm http fetch GET 200 https://registry.npmjs.org/@typescript-eslint%2ftype-utils 151ms (cache revalidated)
npm http fetch GET 200 https://registry.npmjs.org/@typescript-eslint%2fvisitor-keys 272ms (cache revalidated)
npm http fetch GET 200 https://registry.npmjs.org/@typescript-eslint%2fscope-manager 474ms (cache revalidated)
npm http fetch GET 200 https://registry.npmjs.org/@typescript-eslint%2ftypes 468ms (cache revalidated)
npm http fetch GET 200 https://registry.npmjs.org/@typescript-eslint%2fscope-manager 471ms (cache revalidated)
npm http fetch GET 200 https://registry.npmjs.org/is-core-module 124ms (cache revalidated)
npm http fetch GET 200 https://registry.npmjs.org/@typescript-eslint%2ftypescript-estree 511ms (cache revalidated)
npm http fetch GET 200 https://registry.npmjs.org/resolve 534ms (cache revalidated)
npm http fetch GET 200 https://registry.npmjs.org/tinyglobby 289ms (cache revalidated)
npm http fetch GET 200 https://registry.npmjs.org/get-tsconfig 114ms (cache revalidated)
npm http fetch GET 200 https://registry.npmjs.org/is-bun-module 87ms (cache revalidated)
npm http fetch GET 200 https://registry.npmjs.org/@nolyfill%2fis-core-module 97ms (cache revalidated)
npm http fetch GET 200 https://registry.npmjs.org/unrs-resolver 142ms (cache revalidated)
npm http fetch GET 200 https://registry.npmjs.org/stable-hash 325ms (cache revalidated)
npm http fetch GET 200 https://registry.npmjs.org/array-includes 99ms (cache revalidated)
npm http fetch GET 200 https://registry.npmjs.org/array.prototype.findlastindex 88ms (cache revalidated)
npm http fetch GET 200 https://registry.npmjs.org/@rtsao%2fscc 121ms (cache revalidated)
npm http fetch GET 200 https://registry.npmjs.org/array.prototype.flat 162ms (cache revalidated)
npm http fetch GET 200 https://registry.npmjs.org/array.prototype.flatmap 149ms (cache revalidated)
npm http fetch GET 200 https://registry.npmjs.org/doctrine 149ms (cache revalidated)
npm http fetch GET 200 https://registry.npmjs.org/hasown 110ms (cache revalidated)
npm http fetch GET 200 https://registry.npmjs.org/object.fromentries 109ms (cache revalidated)
npm http fetch GET 200 https://registry.npmjs.org/eslint-module-utils 117ms (cache revalidated)
npm http fetch GET 200 https://registry.npmjs.org/semver 85ms (cache revalidated)
npm http fetch GET 200 https://registry.npmjs.org/object.groupby 106ms (cache revalidated)
npm http fetch GET 200 https://registry.npmjs.org/object.values 119ms (cache revalidated)
npm http fetch GET 200 https://registry.npmjs.org/string.prototype.trimend 114ms (cache revalidated)
npm http fetch GET 200 https://registry.npmjs.org/aria-query 141ms (cache revalidated)
npm http fetch GET 200 https://registry.npmjs.org/tsconfig-paths 160ms (cache revalidated)
npm http fetch GET 200 https://registry.npmjs.org/ast-types-flow 125ms (cache revalidated)
npm http fetch GET 200 https://registry.npmjs.org/axobject-query 113ms (cache revalidated)
npm http fetch GET 200 https://registry.npmjs.org/axe-core 143ms (cache revalidated)
npm http fetch GET 200 https://registry.npmjs.org/damerau-levenshtein 218ms (cache revalidated)
npm http fetch GET 200 https://registry.npmjs.org/emoji-regex 303ms (cache revalidated)
npm http fetch GET 200 https://registry.npmjs.org/jsx-ast-utils 145ms (cache revalidated)
npm http fetch GET 200 https://registry.npmjs.org/language-tags 124ms (cache revalidated)
npm http fetch GET 200 https://registry.npmjs.org/array.prototype.findlast 178ms (cache revalidated)
npm http fetch GET 200 https://registry.npmjs.org/safe-regex-test 243ms (cache revalidated)
npm http fetch GET 200 https://registry.npmjs.org/string.prototype.includes 312ms (cache revalidated)
npm http fetch GET 200 https://registry.npmjs.org/array.prototype.tosorted 226ms (cache revalidated)
npm http fetch GET 200 https://registry.npmjs.org/es-iterator-helpers 256ms (cache revalidated)
npm http fetch GET 200 https://registry.npmjs.org/object.entries 276ms (cache revalidated)
npm http fetch GET 200 https://registry.npmjs.org/prop-types 283ms (cache revalidated)
npm http fetch GET 200 https://registry.npmjs.org/string.prototype.matchall 272ms (cache revalidated)
npm http fetch GET 200 https://registry.npmjs.org/string.prototype.repeat 230ms (cache revalidated)
npm http fetch GET 200 https://registry.npmjs.org/merge2 111ms (cache revalidated)
npm http fetch GET 200 https://registry.npmjs.org/micromatch 181ms (cache revalidated)
npm http fetch GET 200 https://registry.npmjs.org/@nodelib%2ffs.stat 321ms (cache revalidated)
npm http fetch GET 200 https://registry.npmjs.org/@nodelib%2ffs.walk 308ms (cache revalidated)
npm http cache https://registry.npmjs.org/eslint 26ms (cache hit)
npm http fetch GET 200 https://registry.npmjs.org/@typescript-eslint%2ftsconfig-utils 96ms (cache revalidated)
npm http fetch GET 200 https://registry.npmjs.org/@typescript-eslint%2fproject-service 152ms (cache revalidated)
npm http cache https://registry.npmjs.org/@typescript-eslint%2ftsconfig-utils 32ms (cache hit)
npm http fetch GET 200 https://registry.npmjs.org/fdir 261ms (cache revalidated)
npm http fetch GET 200 https://registry.npmjs.org/picomatch 521ms (cache revalidated)
npm http fetch GET 200 https://registry.npmjs.org/es-errors 104ms (cache revalidated)
npm http fetch GET 200 https://registry.npmjs.org/object-keys 178ms (cache revalidated)
npm http fetch GET 200 https://registry.npmjs.org/node-exports-info 226ms (cache revalidated)
npm http fetch GET 200 https://registry.npmjs.org/path-parse 189ms (cache revalidated)
npm http fetch GET 200 https://registry.npmjs.org/supports-preserve-symlinks-flag 186ms (cache revalidated)
npm http fetch GET 200 https://registry.npmjs.org/@unrs%2fresolver-binding-darwin-arm64 105ms (cache revalidated)
npm http fetch GET 200 https://registry.npmjs.org/resolve-pkg-maps 164ms (cache revalidated)
npm http fetch GET 200 https://registry.npmjs.org/napi-postinstall 299ms (cache revalidated)
npm http fetch GET 200 https://registry.npmjs.org/@unrs%2fresolver-binding-android-arm64 242ms (cache revalidated)
npm http fetch GET 200 https://registry.npmjs.org/@unrs%2fresolver-binding-win32-arm64-msvc 231ms (cache revalidated)
npm http fetch GET 200 https://registry.npmjs.org/@unrs%2fresolver-binding-linux-arm64-gnu 272ms (cache revalidated)
npm http fetch GET 200 https://registry.npmjs.org/@unrs%2fresolver-binding-linux-arm64-musl 268ms (cache revalidated)
npm http fetch GET 200 https://registry.npmjs.org/@unrs%2fresolver-binding-openharmony-arm64 295ms (cache revalidated)
npm http fetch GET 200 https://registry.npmjs.org/@unrs%2fresolver-binding-android-arm-eabi 218ms (cache revalidated)
npm http fetch GET 200 https://registry.npmjs.org/@unrs%2fresolver-binding-linux-arm-gnueabihf 166ms (cache revalidated)
npm http fetch GET 200 https://registry.npmjs.org/@unrs%2fresolver-binding-linux-arm-musleabihf 190ms (cache revalidated)
npm http fetch GET 200 https://registry.npmjs.org/@unrs%2fresolver-binding-win32-ia32-msvc 148ms (cache revalidated)
npm http fetch GET 200 https://registry.npmjs.org/@unrs%2fresolver-binding-linux-loong64-gnu 150ms (cache revalidated)
npm http fetch GET 200 https://registry.npmjs.org/@unrs%2fresolver-binding-linux-loong64-musl 194ms (cache revalidated)
npm http fetch GET 200 https://registry.npmjs.org/@unrs%2fresolver-binding-linux-ppc64-gnu 154ms (cache revalidated)
npm http fetch GET 200 https://registry.npmjs.org/@unrs%2fresolver-binding-linux-riscv64-gnu 136ms (cache revalidated)
npm http fetch GET 200 https://registry.npmjs.org/@unrs%2fresolver-binding-wasm32-wasi 82ms (cache revalidated)
npm http fetch GET 200 https://registry.npmjs.org/@unrs%2fresolver-binding-linux-s390x-gnu 141ms (cache revalidated)
npm http fetch GET 200 https://registry.npmjs.org/@unrs%2fresolver-binding-linux-riscv64-musl 189ms (cache revalidated)
npm http fetch GET 200 https://registry.npmjs.org/@unrs%2fresolver-binding-darwin-x64 142ms (cache revalidated)
npm http fetch GET 200 https://registry.npmjs.org/@unrs%2fresolver-binding-win32-x64-msvc 138ms (cache revalidated)
npm http fetch GET 200 https://registry.npmjs.org/@unrs%2fresolver-binding-freebsd-x64 172ms (cache revalidated)
npm http fetch GET 200 https://registry.npmjs.org/@unrs%2fresolver-binding-linux-x64-musl 204ms (cache revalidated)
npm http fetch GET 200 https://registry.npmjs.org/@unrs%2fresolver-binding-linux-x64-gnu 221ms (cache revalidated)
npm http fetch GET 200 https://registry.npmjs.org/define-properties 108ms (cache revalidated)
npm http fetch GET 200 https://registry.npmjs.org/call-bind 122ms (cache revalidated)
npm http fetch GET 200 https://registry.npmjs.org/call-bound 139ms (cache revalidated)
npm http fetch GET 200 https://registry.npmjs.org/es-abstract 110ms (cache revalidated)
npm http fetch GET 200 https://registry.npmjs.org/es-object-atoms 97ms (cache revalidated)
npm http fetch GET 200 https://registry.npmjs.org/get-intrinsic 108ms (cache revalidated)
npm http fetch GET 200 https://registry.npmjs.org/is-string 92ms (cache revalidated)
npm http fetch GET 200 https://registry.npmjs.org/math-intrinsics 103ms (cache revalidated)
npm http fetch GET 200 https://registry.npmjs.org/es-shim-unscopables 97ms (cache revalidated)
npm http fetch GET 200 https://registry.npmjs.org/es-shim-unscopables 80ms (cache revalidated)
npm http fetch GET 200 https://registry.npmjs.org/es-shim-unscopables 85ms (cache revalidated)
npm http fetch GET 200 https://registry.npmjs.org/function-bind 87ms (cache revalidated)
npm http fetch GET 200 https://registry.npmjs.org/json5 114ms (cache revalidated)
npm http fetch GET 200 https://registry.npmjs.org/minimist 126ms (cache revalidated)
npm http fetch GET 200 https://registry.npmjs.org/strip-bom 126ms (cache revalidated)
npm http fetch GET 200 https://registry.npmjs.org/@types%2fjson5 128ms (cache revalidated)
npm http fetch GET 200 https://registry.npmjs.org/call-bind-apply-helpers 121ms (cache revalidated)
npm http fetch GET 200 https://registry.npmjs.org/es-define-property 124ms (cache revalidated)
npm http fetch GET 200 https://registry.npmjs.org/set-function-length 166ms (cache revalidated)
npm http fetch GET 200 https://registry.npmjs.org/define-data-property 144ms (cache revalidated)
npm http fetch GET 200 https://registry.npmjs.org/has-property-descriptors 144ms (cache revalidated)
npm http fetch GET 200 https://registry.npmjs.org/array-buffer-byte-length 114ms (cache revalidated)
npm http fetch GET 200 https://registry.npmjs.org/available-typed-arrays 104ms (cache revalidated)
npm http fetch GET 200 https://registry.npmjs.org/arraybuffer.prototype.slice 119ms (cache revalidated)
npm http fetch GET 200 https://registry.npmjs.org/data-view-buffer 113ms (cache revalidated)
npm http fetch GET 200 https://registry.npmjs.org/data-view-byte-length 97ms (cache revalidated)
npm http fetch GET 200 https://registry.npmjs.org/data-view-byte-offset 106ms (cache revalidated)
npm http fetch GET 200 https://registry.npmjs.org/es-set-tostringtag 99ms (cache revalidated)
npm http fetch GET 200 https://registry.npmjs.org/es-to-primitive 100ms (cache revalidated)
npm http fetch GET 200 https://registry.npmjs.org/function.prototype.name 131ms (cache revalidated)
npm http fetch GET 200 https://registry.npmjs.org/get-proto 156ms (cache revalidated)
npm http fetch GET 200 https://registry.npmjs.org/get-symbol-description 162ms (cache revalidated)
npm http fetch GET 200 https://registry.npmjs.org/globalthis 185ms (cache revalidated)
npm http fetch GET 200 https://registry.npmjs.org/gopd 170ms (cache revalidated)
npm http fetch GET 200 https://registry.npmjs.org/has-proto 179ms (cache revalidated)
npm http fetch GET 200 https://registry.npmjs.org/is-array-buffer 154ms (cache revalidated)
npm http fetch GET 200 https://registry.npmjs.org/internal-slot 246ms (cache revalidated)
npm http fetch GET 200 https://registry.npmjs.org/has-symbols 385ms (cache revalidated)
npm http fetch GET 200 https://registry.npmjs.org/is-callable 346ms (cache revalidated)
npm http fetch GET 200 https://registry.npmjs.org/is-negative-zero 202ms (cache revalidated)
npm http fetch GET 200 https://registry.npmjs.org/is-data-view 329ms (cache revalidated)
npm http fetch GET 200 https://registry.npmjs.org/is-set 122ms (cache revalidated)
npm http fetch GET 200 https://registry.npmjs.org/is-regex 184ms (cache revalidated)
npm http fetch GET 200 https://registry.npmjs.org/is-shared-array-buffer 116ms (cache revalidated)
npm http fetch GET 200 https://registry.npmjs.org/is-weakref 95ms (cache revalidated)
npm http fetch GET 200 https://registry.npmjs.org/is-typed-array 114ms (cache revalidated)
npm http fetch GET 200 https://registry.npmjs.org/object-inspect 137ms (cache revalidated)
npm http fetch GET 200 https://registry.npmjs.org/own-keys 151ms (cache revalidated)
npm http fetch GET 200 https://registry.npmjs.org/regexp.prototype.flags 125ms (cache revalidated)
npm http fetch GET 200 https://registry.npmjs.org/object.assign 313ms (cache revalidated)
npm http fetch GET 200 https://registry.npmjs.org/safe-push-apply 165ms (cache revalidated)
npm http fetch GET 200 https://registry.npmjs.org/safe-array-concat 184ms (cache revalidated)
npm http fetch GET 200 https://registry.npmjs.org/string.prototype.trim 115ms (cache revalidated)
npm http fetch GET 200 https://registry.npmjs.org/stop-iteration-iterator 298ms (cache revalidated)
npm http fetch GET 200 https://registry.npmjs.org/set-proto 327ms (cache revalidated)
npm http fetch GET 200 https://registry.npmjs.org/string.prototype.trimstart 99ms (cache revalidated)
npm http fetch GET 200 https://registry.npmjs.org/typed-array-buffer 173ms (cache revalidated)
npm http fetch GET 200 https://registry.npmjs.org/typed-array-byte-length 160ms (cache revalidated)
npm http fetch GET 200 https://registry.npmjs.org/typed-array-byte-offset 169ms (cache revalidated)
npm http fetch GET 200 https://registry.npmjs.org/unbox-primitive 158ms (cache revalidated)
npm http fetch GET 200 https://registry.npmjs.org/typed-array-length 240ms (cache revalidated)
npm http fetch GET 200 https://registry.npmjs.org/which-typed-array 181ms (cache revalidated)
npm http fetch GET 200 https://registry.npmjs.org/has-tostringtag 217ms (cache revalidated)
npm http fetch GET 200 https://registry.npmjs.org/is-symbol 121ms (cache revalidated)
npm http fetch GET 200 https://registry.npmjs.org/is-date-object 126ms (cache revalidated)
npm http fetch GET 200 https://registry.npmjs.org/possible-typed-array-names 156ms (cache revalidated)
npm http fetch GET 200 https://registry.npmjs.org/es-abstract-get 110ms (cache revalidated)
npm http fetch GET 200 https://registry.npmjs.org/is-document.all 118ms (cache revalidated)
npm http fetch GET 200 https://registry.npmjs.org/functions-have-names 95ms (cache revalidated)
npm http fetch GET 200 https://registry.npmjs.org/dunder-proto 133ms (cache revalidated)
npm http fetch GET 200 https://registry.npmjs.org/dunder-proto 123ms (cache revalidated)
npm http fetch GET 200 https://registry.npmjs.org/side-channel 136ms (cache revalidated)
npm http fetch GET 200 https://registry.npmjs.org/isarray 100ms (cache revalidated)
npm http fetch GET 200 https://registry.npmjs.org/isarray 123ms (cache revalidated)
npm http fetch GET 200 https://registry.npmjs.org/set-function-name 140ms (cache revalidated)
npm http fetch GET 200 https://registry.npmjs.org/for-each 103ms (cache revalidated)
npm http fetch GET 200 https://registry.npmjs.org/for-each 114ms (cache revalidated)
npm http fetch GET 200 https://registry.npmjs.org/reflect.getprototypeof 108ms (cache revalidated)
npm http fetch GET 200 https://registry.npmjs.org/reflect.getprototypeof 81ms (cache revalidated)
npm http fetch GET 200 https://registry.npmjs.org/has-bigints 84ms (cache revalidated)
npm http fetch GET 200 https://registry.npmjs.org/which-boxed-primitive 85ms (cache revalidated)
npm http fetch GET 200 https://registry.npmjs.org/language-subtag-registry 79ms (cache revalidated)
npm http fetch GET 200 https://registry.npmjs.org/loose-envify 77ms (cache revalidated)
npm http fetch GET 200 https://registry.npmjs.org/iterator.prototype 100ms (cache revalidated)
npm http fetch GET 200 https://registry.npmjs.org/object-assign 114ms (cache revalidated)
npm http fetch GET 200 https://registry.npmjs.org/react-is 461ms (cache updated)
npm http fetch GET 200 https://registry.npmjs.org/fastq 116ms (cache revalidated)
npm http fetch GET 200 https://registry.npmjs.org/@nodelib%2ffs.scandir 123ms (cache revalidated)
npm http fetch GET 200 https://registry.npmjs.org/braces 134ms (cache revalidated)
npm http fetch GET 200 https://registry.npmjs.org/reusify 81ms (cache revalidated)
npm http fetch GET 200 https://registry.npmjs.org/run-parallel 83ms (cache revalidated)
npm http fetch GET 200 https://registry.npmjs.org/queue-microtask 79ms (cache revalidated)
npm http fetch GET 200 https://registry.npmjs.org/flatted 69ms (cache revalidated)
npm http fetch GET 200 https://registry.npmjs.org/keyv 89ms (cache updated)
npm http fetch GET 200 https://registry.npmjs.org/p-locate 76ms (cache revalidated)
npm http fetch GET 200 https://registry.npmjs.org/json-buffer 74ms (cache revalidated)
npm http fetch GET 200 https://registry.npmjs.org/callsites 72ms (cache revalidated)
npm http fetch GET 200 https://registry.npmjs.org/side-channel-list 67ms (cache revalidated)
npm http fetch GET 200 https://registry.npmjs.org/side-channel-map 77ms (cache revalidated)
npm http fetch GET 200 https://registry.npmjs.org/side-channel-weakmap 82ms (cache revalidated)
npm http cache https://registry.npmjs.org/@types%2freact 19ms (cache hit)
npm http fetch GET 200 https://registry.npmjs.org/p-limit 78ms (cache revalidated)
npm http fetch GET 200 https://registry.npmjs.org/fill-range 77ms (cache revalidated)
npm http fetch GET 200 https://registry.npmjs.org/to-regex-range 67ms (cache revalidated)
npm http fetch GET 200 https://registry.npmjs.org/is-number 69ms (cache revalidated)
npm http fetch GET 200 https://registry.npmjs.org/concat-map 279ms (cache revalidated)
npm http fetch GET 200 https://registry.npmjs.org/balanced-match 281ms (cache revalidated)
npm http cache https://registry.npmjs.org/react 35ms (cache hit)
npm http cache https://registry.npmjs.org/nanoid 15ms (cache hit)
npm http fetch GET 200 https://registry.npmjs.org/@img%2fcolour 102ms (cache revalidated)
npm http fetch GET 200 https://registry.npmjs.org/@img%2fsharp-wasm32 105ms (cache revalidated)
npm http fetch GET 200 https://registry.npmjs.org/@img%2fsharp-linux-arm 92ms (cache revalidated)
npm http fetch GET 200 https://registry.npmjs.org/@img%2fsharp-linux-x64 91ms (cache revalidated)
npm http fetch GET 200 https://registry.npmjs.org/@img%2fsharp-win32-x64 91ms (cache revalidated)
npm http fetch GET 200 https://registry.npmjs.org/@img%2fsharp-darwin-x64 95ms (cache revalidated)
npm http fetch GET 200 https://registry.npmjs.org/@img%2fsharp-linux-arm64 91ms (cache revalidated)
npm http fetch GET 200 https://registry.npmjs.org/@img%2fsharp-linux-ppc64 86ms (cache revalidated)
npm http fetch GET 200 https://registry.npmjs.org/@img%2fsharp-win32-ia32 109ms (cache revalidated)
npm http fetch GET 200 https://registry.npmjs.org/@img%2fsharp-linux-s390x 91ms (cache revalidated)
npm http fetch GET 200 https://registry.npmjs.org/@img%2fsharp-win32-arm64 111ms (cache revalidated)
npm http fetch GET 200 https://registry.npmjs.org/@img%2fsharp-darwin-arm64 114ms (cache revalidated)
npm http fetch GET 200 https://registry.npmjs.org/@img%2fsharp-linux-riscv64 104ms (cache revalidated)
npm http fetch GET 200 https://registry.npmjs.org/@img%2fsharp-linuxmusl-x64 112ms (cache revalidated)
npm http fetch GET 200 https://registry.npmjs.org/@img%2fsharp-linuxmusl-arm64 152ms (cache revalidated)
npm http fetch GET 200 https://registry.npmjs.org/@img%2fsharp-libvips-linux-arm 105ms (cache revalidated)
npm http fetch GET 200 https://registry.npmjs.org/@img%2fsharp-libvips-linux-x64 113ms (cache revalidated)
npm http fetch GET 200 https://registry.npmjs.org/@img%2fsharp-libvips-darwin-x64 96ms (cache revalidated)
npm http fetch GET 200 https://registry.npmjs.org/@img%2fsharp-libvips-linux-arm64 94ms (cache revalidated)
npm http fetch GET 200 https://registry.npmjs.org/@img%2fsharp-libvips-linux-ppc64 92ms (cache revalidated)
npm http fetch GET 200 https://registry.npmjs.org/@img%2fsharp-libvips-linux-s390x 90ms (cache revalidated)
npm http fetch GET 200 https://registry.npmjs.org/@img%2fsharp-libvips-darwin-arm64 117ms (cache revalidated)
npm http fetch GET 200 https://registry.npmjs.org/@img%2fsharp-libvips-linux-riscv64 84ms (cache revalidated)
npm http fetch GET 200 https://registry.npmjs.org/@img%2fsharp-libvips-linuxmusl-x64 90ms (cache revalidated)
npm http fetch GET 200 https://registry.npmjs.org/@img%2fsharp-libvips-linuxmusl-arm64 93ms (cache revalidated)
npm http fetch GET 200 https://registry.npmjs.org/client-only 82ms (cache revalidated)
npm http cache https://registry.npmjs.org/jose 18ms (cache hit)
npm http cache https://registry.npmjs.org/preact 42ms (cache hit)
npm http fetch GET 200 https://registry.npmjs.org/cookie 93ms (cache revalidated)
npm http fetch GET 200 https://registry.npmjs.org/@types%2fcookie 451ms (cache revalidated)
npm http fetch GET 200 https://registry.npmjs.org/yocto-queue 72ms (cache revalidated)
npm http fetch GET 200 https://registry.npmjs.org/empathic 73ms (cache revalidated)
npm http fetch GET 200 https://registry.npmjs.org/c12 81ms (cache revalidated)
npm http fetch GET 200 https://registry.npmjs.org/deepmerge-ts 77ms (cache revalidated)
npm http fetch GET 200 https://registry.npmjs.org/@prisma%2ffetch-engine 275ms (cache revalidated)
npm http fetch GET 200 https://registry.npmjs.org/effect 1334ms (cache updated)
npm http fetch GET 200 https://registry.npmjs.org/@prisma%2fget-platform 392ms (cache revalidated)
npm http fetch GET 200 https://registry.npmjs.org/@prisma%2fengines-version 635ms (cache revalidated)
npm http fetch GET 200 https://registry.npmjs.org/@prisma%2fdebug 2286ms (cache updated)
npm http fetch GET 200 https://registry.npmjs.org/magicast 69ms (cache revalidated)
npm http fetch GET 200 https://registry.npmjs.org/giget 71ms (cache revalidated)
npm http fetch GET 200 https://registry.npmjs.org/defu 217ms (cache revalidated)
npm http fetch GET 200 https://registry.npmjs.org/rc9 244ms (cache revalidated)
npm http fetch GET 200 https://registry.npmjs.org/ohash 262ms (cache revalidated)
npm http fetch GET 200 https://registry.npmjs.org/pathe 221ms (cache revalidated)
npm http fetch GET 200 https://registry.npmjs.org/dotenv 145ms (cache revalidated)
npm http fetch GET 200 https://registry.npmjs.org/confbox 151ms (cache revalidated)
npm http fetch GET 200 https://registry.npmjs.org/exsolve 160ms (cache revalidated)
npm http fetch GET 200 https://registry.npmjs.org/chokidar 120ms (cache revalidated)
npm http fetch GET 200 https://registry.npmjs.org/perfect-debounce 155ms (cache revalidated)
npm http fetch GET 200 https://registry.npmjs.org/pkg-types 197ms (cache revalidated)
npm http fetch GET 200 https://registry.npmjs.org/fast-check 165ms (cache revalidated)
npm http fetch GET 200 https://registry.npmjs.org/@standard-schema%2fspec 189ms (cache revalidated)
npm http fetch GET 200 https://registry.npmjs.org/citty 79ms (cache revalidated)
npm http fetch GET 200 https://registry.npmjs.org/nypm 107ms (cache revalidated)
npm http fetch GET 200 https://registry.npmjs.org/readdirp 132ms (cache updated)
npm http fetch GET 200 https://registry.npmjs.org/node-fetch-native 127ms (cache revalidated)
npm http fetch GET 200 https://registry.npmjs.org/consola 170ms (cache revalidated)
npm http fetch GET 200 https://registry.npmjs.org/destr 138ms (cache revalidated)
npm http fetch GET 200 https://registry.npmjs.org/pure-rand 193ms (cache revalidated)
npm http fetch GET 200 https://registry.npmjs.org/tinyexec 88ms (cache revalidated)
npm http fetch GET 200 https://registry.npmjs.org/immediate 71ms (cache revalidated)
npm http fetch GET 200 https://registry.npmjs.org/js-tokens 113ms (cache revalidated)
npm http fetch GET 200 https://registry.npmjs.org/@emnapi%2fruntime 139ms (cache updated)
npm http fetch GET 200 https://registry.npmjs.org/is-what 102ms (cache revalidated)
npm http fetch GET 200 https://registry.npmjs.org/require-from-string 65ms (cache revalidated)
npm http cache https://registry.npmjs.org/@types%2freact 13ms (cache hit)
npm http cache https://registry.npmjs.org/react 61ms (cache hit)
npm http fetch GET 200 https://registry.npmjs.org/which-builtin-type 66ms (cache revalidated)
npm http fetch GET 200 https://registry.npmjs.org/is-async-function 76ms (cache revalidated)
npm http fetch GET 200 https://registry.npmjs.org/is-generator-function 173ms (cache revalidated)
npm http fetch GET 200 https://registry.npmjs.org/is-finalizationregistry 177ms (cache revalidated)
npm http fetch GET 200 https://registry.npmjs.org/which-collection 263ms (cache revalidated)
npm http fetch GET 200 https://registry.npmjs.org/is-boolean-object 70ms (cache revalidated)
npm http fetch GET 200 https://registry.npmjs.org/is-bigint 71ms (cache revalidated)
npm http fetch GET 200 https://registry.npmjs.org/is-number-object 72ms (cache revalidated)
npm http cache https://registry.npmjs.org/@emnapi%2fruntime 14ms (cache hit)
npm http fetch GET 200 https://registry.npmjs.org/@napi-rs%2fwasm-runtime 82ms (cache revalidated)
npm http fetch GET 200 https://registry.npmjs.org/@emnapi%2fcore 114ms (cache updated)
npm http fetch GET 200 https://registry.npmjs.org/@emnapi%2fwasi-threads 152ms (cache revalidated)
npm http fetch GET 200 https://registry.npmjs.org/@tybys%2fwasm-util 157ms (cache revalidated)
npm http fetch GET 200 https://registry.npmjs.org/async-function 72ms (cache revalidated)
npm http fetch GET 200 https://registry.npmjs.org/is-map 75ms (cache revalidated)
npm http fetch GET 200 https://registry.npmjs.org/generator-function 81ms (cache revalidated)
npm http fetch GET 200 https://registry.npmjs.org/is-weakmap 74ms (cache revalidated)
npm http fetch GET 200 https://registry.npmjs.org/is-weakset 73ms (cache revalidated)
npm http fetch GET 200 https://registry.npmjs.org/pretty-format 74ms (cache revalidated)
npm verbose reify failed optional dependency E:\kirols-portfolio\kirols-portfolio\node_modules\@tailwindcss\oxide-wasm32-wasi
npm verbose reify failed optional dependency E:\kirols-portfolio\kirols-portfolio\node_modules\@unrs\resolver-binding-win32-ia32-msvc
npm verbose reify failed optional dependency E:\kirols-portfolio\kirols-portfolio\node_modules\@unrs\resolver-binding-win32-arm64-msvc
npm verbose reify failed optional dependency E:\kirols-portfolio\kirols-portfolio\node_modules\@unrs\resolver-binding-wasm32-wasi
npm verbose reify failed optional dependency E:\kirols-portfolio\kirols-portfolio\node_modules\@unrs\resolver-binding-wasm32-wasi\node_modules\@emnapi\runtime
npm verbose reify failed optional dependency E:\kirols-portfolio\kirols-portfolio\node_modules\@unrs\resolver-binding-openharmony-arm64
npm verbose reify failed optional dependency E:\kirols-portfolio\kirols-portfolio\node_modules\@unrs\resolver-binding-linux-x64-musl
npm verbose reify failed optional dependency E:\kirols-portfolio\kirols-portfolio\node_modules\@unrs\resolver-binding-linux-x64-gnu
npm verbose reify failed optional dependency E:\kirols-portfolio\kirols-portfolio\node_modules\@unrs\resolver-binding-linux-s390x-gnu
npm verbose reify failed optional dependency E:\kirols-portfolio\kirols-portfolio\node_modules\@unrs\resolver-binding-linux-riscv64-musl
npm verbose reify failed optional dependency E:\kirols-portfolio\kirols-portfolio\node_modules\@unrs\resolver-binding-linux-riscv64-gnu
npm verbose reify failed optional dependency E:\kirols-portfolio\kirols-portfolio\node_modules\@unrs\resolver-binding-linux-ppc64-gnu
npm verbose reify failed optional dependency E:\kirols-portfolio\kirols-portfolio\node_modules\@unrs\resolver-binding-linux-loong64-musl
npm verbose reify failed optional dependency E:\kirols-portfolio\kirols-portfolio\node_modules\@unrs\resolver-binding-linux-loong64-gnu
npm verbose reify failed optional dependency E:\kirols-portfolio\kirols-portfolio\node_modules\@unrs\resolver-binding-linux-arm64-musl
npm verbose reify failed optional dependency E:\kirols-portfolio\kirols-portfolio\node_modules\@unrs\resolver-binding-linux-arm64-gnu
npm verbose reify failed optional dependency E:\kirols-portfolio\kirols-portfolio\node_modules\@unrs\resolver-binding-linux-arm-musleabihf
npm verbose reify failed optional dependency E:\kirols-portfolio\kirols-portfolio\node_modules\@unrs\resolver-binding-linux-arm-gnueabihf
npm verbose reify failed optional dependency E:\kirols-portfolio\kirols-portfolio\node_modules\@unrs\resolver-binding-freebsd-x64
npm verbose reify failed optional dependency E:\kirols-portfolio\kirols-portfolio\node_modules\@unrs\resolver-binding-darwin-x64
npm verbose reify failed optional dependency E:\kirols-portfolio\kirols-portfolio\node_modules\@unrs\resolver-binding-darwin-arm64
npm verbose reify failed optional dependency E:\kirols-portfolio\kirols-portfolio\node_modules\@unrs\resolver-binding-android-arm64
npm verbose reify failed optional dependency E:\kirols-portfolio\kirols-portfolio\node_modules\@unrs\resolver-binding-android-arm-eabi
npm verbose reify failed optional dependency E:\kirols-portfolio\kirols-portfolio\node_modules\@img\sharp-win32-ia32
npm verbose reify failed optional dependency E:\kirols-portfolio\kirols-portfolio\node_modules\@img\sharp-win32-arm64
npm verbose reify failed optional dependency E:\kirols-portfolio\kirols-portfolio\node_modules\@img\sharp-wasm32
npm verbose reify failed optional dependency E:\kirols-portfolio\kirols-portfolio\node_modules\@img\sharp-linuxmusl-x64
npm verbose reify failed optional dependency E:\kirols-portfolio\kirols-portfolio\node_modules\@img\sharp-linuxmusl-arm64
npm verbose reify failed optional dependency E:\kirols-portfolio\kirols-portfolio\node_modules\@img\sharp-linux-x64
npm verbose reify failed optional dependency E:\kirols-portfolio\kirols-portfolio\node_modules\@img\sharp-linux-s390x
npm verbose reify failed optional dependency E:\kirols-portfolio\kirols-portfolio\node_modules\@img\sharp-linux-riscv64
npm verbose reify failed optional dependency E:\kirols-portfolio\kirols-portfolio\node_modules\@img\sharp-linux-ppc64
npm verbose reify failed optional dependency E:\kirols-portfolio\kirols-portfolio\node_modules\@img\sharp-linux-arm64
npm verbose reify failed optional dependency E:\kirols-portfolio\kirols-portfolio\node_modules\@img\sharp-linux-arm
npm verbose reify failed optional dependency E:\kirols-portfolio\kirols-portfolio\node_modules\@img\sharp-libvips-linuxmusl-x64
npm verbose reify failed optional dependency E:\kirols-portfolio\kirols-portfolio\node_modules\@img\sharp-libvips-linuxmusl-arm64
npm verbose reify failed optional dependency E:\kirols-portfolio\kirols-portfolio\node_modules\@img\sharp-libvips-linux-x64
npm verbose reify failed optional dependency E:\kirols-portfolio\kirols-portfolio\node_modules\@img\sharp-libvips-linux-s390x
npm verbose reify failed optional dependency E:\kirols-portfolio\kirols-portfolio\node_modules\@img\sharp-libvips-linux-riscv64
npm verbose reify failed optional dependency E:\kirols-portfolio\kirols-portfolio\node_modules\@img\sharp-libvips-linux-ppc64
npm verbose reify failed optional dependency E:\kirols-portfolio\kirols-portfolio\node_modules\@img\sharp-libvips-linux-arm64
npm verbose reify failed optional dependency E:\kirols-portfolio\kirols-portfolio\node_modules\@img\sharp-libvips-linux-arm
npm verbose reify failed optional dependency E:\kirols-portfolio\kirols-portfolio\node_modules\@img\sharp-libvips-darwin-x64
npm verbose reify failed optional dependency E:\kirols-portfolio\kirols-portfolio\node_modules\@img\sharp-libvips-darwin-arm64
npm verbose reify failed optional dependency E:\kirols-portfolio\kirols-portfolio\node_modules\@img\sharp-darwin-x64
npm verbose reify failed optional dependency E:\kirols-portfolio\kirols-portfolio\node_modules\@img\sharp-darwin-arm64
npm verbose reify failed optional dependency E:\kirols-portfolio\kirols-portfolio\node_modules\@next\swc-win32-arm64-msvc
npm verbose reify failed optional dependency E:\kirols-portfolio\kirols-portfolio\node_modules\@next\swc-linux-x64-musl
npm verbose reify failed optional dependency E:\kirols-portfolio\kirols-portfolio\node_modules\@next\swc-linux-x64-gnu
npm verbose reify failed optional dependency E:\kirols-portfolio\kirols-portfolio\node_modules\@next\swc-linux-arm64-musl
npm verbose reify failed optional dependency E:\kirols-portfolio\kirols-portfolio\node_modules\@next\swc-linux-arm64-gnu
npm verbose reify failed optional dependency E:\kirols-portfolio\kirols-portfolio\node_modules\@next\swc-darwin-x64
npm verbose reify failed optional dependency E:\kirols-portfolio\kirols-portfolio\node_modules\@next\swc-darwin-arm64
npm verbose reify failed optional dependency E:\kirols-portfolio\kirols-portfolio\node_modules\lightningcss-win32-arm64-msvc
npm verbose reify failed optional dependency E:\kirols-portfolio\kirols-portfolio\node_modules\lightningcss-linux-x64-musl
npm verbose reify failed optional dependency E:\kirols-portfolio\kirols-portfolio\node_modules\lightningcss-linux-x64-gnu
npm verbose reify failed optional dependency E:\kirols-portfolio\kirols-portfolio\node_modules\lightningcss-linux-arm64-musl
npm verbose reify failed optional dependency E:\kirols-portfolio\kirols-portfolio\node_modules\lightningcss-linux-arm64-gnu
npm verbose reify failed optional dependency E:\kirols-portfolio\kirols-portfolio\node_modules\lightningcss-linux-arm-gnueabihf
npm verbose reify failed optional dependency E:\kirols-portfolio\kirols-portfolio\node_modules\lightningcss-freebsd-x64
npm verbose reify failed optional dependency E:\kirols-portfolio\kirols-portfolio\node_modules\lightningcss-darwin-x64
npm verbose reify failed optional dependency E:\kirols-portfolio\kirols-portfolio\node_modules\lightningcss-darwin-arm64
npm verbose reify failed optional dependency E:\kirols-portfolio\kirols-portfolio\node_modules\lightningcss-android-arm64
npm verbose reify failed optional dependency E:\kirols-portfolio\kirols-portfolio\node_modules\@tailwindcss\oxide-win32-arm64-msvc
npm verbose reify failed optional dependency E:\kirols-portfolio\kirols-portfolio\node_modules\@tailwindcss\oxide-linux-x64-musl
npm verbose reify failed optional dependency E:\kirols-portfolio\kirols-portfolio\node_modules\@tailwindcss\oxide-linux-x64-gnu
npm verbose reify failed optional dependency E:\kirols-portfolio\kirols-portfolio\node_modules\@tailwindcss\oxide-linux-arm64-musl
npm verbose reify failed optional dependency E:\kirols-portfolio\kirols-portfolio\node_modules\@tailwindcss\oxide-linux-arm64-gnu
npm verbose reify failed optional dependency E:\kirols-portfolio\kirols-portfolio\node_modules\@tailwindcss\oxide-linux-arm-gnueabihf
npm verbose reify failed optional dependency E:\kirols-portfolio\kirols-portfolio\node_modules\@tailwindcss\oxide-freebsd-x64
npm verbose reify failed optional dependency E:\kirols-portfolio\kirols-portfolio\node_modules\@tailwindcss\oxide-darwin-x64
npm verbose reify failed optional dependency E:\kirols-portfolio\kirols-portfolio\node_modules\@tailwindcss\oxide-darwin-arm64
npm verbose reify failed optional dependency E:\kirols-portfolio\kirols-portfolio\node_modules\@tailwindcss\oxide-android-arm64
npm http cache @types/cookie@https://registry.npmjs.org/@types/cookie/-/cookie-0.6.0.tgz 1ms (cache hit)
npm http cache pretty-format@https://registry.npmjs.org/pretty-format/-/pretty-format-3.8.0.tgz 0ms (cache hit)
npm http cache cookie@https://registry.npmjs.org/cookie/-/cookie-0.7.1.tgz 0ms (cache hit)
npm http cache is-weakset@https://registry.npmjs.org/is-weakset/-/is-weakset-2.0.4.tgz 1ms (cache hit)
npm http cache is-weakmap@https://registry.npmjs.org/is-weakmap/-/is-weakmap-2.0.2.tgz 0ms (cache hit)
npm http cache is-map@https://registry.npmjs.org/is-map/-/is-map-2.0.3.tgz 0ms (cache hit)
npm http cache which-collection@https://registry.npmjs.org/which-collection/-/which-collection-1.0.2.tgz 0ms (cache hit)
npm http cache generator-function@https://registry.npmjs.org/generator-function/-/generator-function-2.0.1.tgz 0ms (cache hit)
npm http cache async-function@https://registry.npmjs.org/async-function/-/async-function-1.0.0.tgz 0ms (cache hit)
npm http cache is-finalizationregistry@https://registry.npmjs.org/is-finalizationregistry/-/is-finalizationregistry-1.1.1.tgz 0ms (cache hit)
npm http cache is-async-function@https://registry.npmjs.org/is-async-function/-/is-async-function-2.1.1.tgz 0ms (cache hit)
npm http cache is-number-object@https://registry.npmjs.org/is-number-object/-/is-number-object-1.1.1.tgz 0ms (cache hit)
npm http cache is-generator-function@https://registry.npmjs.org/is-generator-function/-/is-generator-function-1.1.2.tgz 0ms (cache hit)
npm http cache is-boolean-object@https://registry.npmjs.org/is-boolean-object/-/is-boolean-object-1.2.2.tgz 0ms (cache hit)
npm http cache is-bigint@https://registry.npmjs.org/is-bigint/-/is-bigint-1.1.0.tgz 0ms (cache hit)
npm http cache punycode@https://registry.npmjs.org/punycode/-/punycode-2.3.1.tgz 0ms (cache hit)
npm http cache isexe@https://registry.npmjs.org/isexe/-/isexe-2.0.0.tgz 0ms (cache hit)
npm http cache @tybys/wasm-util@https://registry.npmjs.org/@tybys/wasm-util/-/wasm-util-0.10.3.tgz 0ms (cache hit)
npm http cache @emnapi/wasi-threads@https://registry.npmjs.org/@emnapi/wasi-threads/-/wasi-threads-1.2.1.tgz 0ms (cache hit)
npm http cache @emnapi/core@https://registry.npmjs.org/@emnapi/core/-/core-1.10.0.tgz 0ms (cache hit)
npm http cache @napi-rs/wasm-runtime@https://registry.npmjs.org/@napi-rs/wasm-runtime/-/wasm-runtime-1.2.2.tgz 0ms (cache hit)
npm http cache @unrs/resolver-binding-win32-x64-msvc@https://registry.npmjs.org/@unrs/resolver-binding-win32-x64-msvc/-/resolver-binding-win32-x64-msvc-1.12.2.tgz 0ms (cache hit)
npm http cache napi-postinstall@https://registry.npmjs.org/napi-postinstall/-/napi-postinstall-0.3.4.tgz 0ms (cache hit)
npm http cache which-boxed-primitive@https://registry.npmjs.org/which-boxed-primitive/-/which-boxed-primitive-1.1.1.tgz 0ms (cache hit)
npm http cache which-builtin-type@https://registry.npmjs.org/which-builtin-type/-/which-builtin-type-1.2.1.tgz 0ms (cache hit)
npm http cache has-bigints@https://registry.npmjs.org/has-bigints/-/has-bigints-1.1.0.tgz 0ms (cache hit)
npm http cache reflect.getprototypeof@https://registry.npmjs.org/reflect.getprototypeof/-/reflect.getprototypeof-1.0.10.tgz 0ms (cache hit)
npm http cache strip-bom@https://registry.npmjs.org/strip-bom/-/strip-bom-3.0.0.tgz 0ms (cache hit)
npm http cache for-each@https://registry.npmjs.org/for-each/-/for-each-0.3.5.tgz 0ms (cache hit)
npm http cache @types/json5@https://registry.npmjs.org/@types/json5/-/json5-0.0.29.tgz 0ms (cache hit)
npm http cache json5@https://registry.npmjs.org/json5/-/json5-1.0.2.tgz 0ms (cache hit)
npm http cache minimist@https://registry.npmjs.org/minimist/-/minimist-1.2.8.tgz 0ms (cache hit)
npm http cache require-from-string@https://registry.npmjs.org/require-from-string/-/require-from-string-2.0.2.tgz 0ms (cache hit)
npm http cache webgl-sdf-generator@https://registry.npmjs.org/webgl-sdf-generator/-/webgl-sdf-generator-1.1.1.tgz 0ms (cache hit)
npm http cache troika-worker-utils@https://registry.npmjs.org/troika-worker-utils/-/troika-worker-utils-0.52.0.tgz 0ms (cache hit)
npm http cache troika-three-utils@https://registry.npmjs.org/troika-three-utils/-/troika-three-utils-0.52.5.tgz 0ms (cache hit)
npm http cache bidi-js@https://registry.npmjs.org/bidi-js/-/bidi-js-1.0.3.tgz 0ms (cache hit)
npm http cache @types/offscreencanvas@https://registry.npmjs.org/@types/offscreencanvas/-/offscreencanvas-2019.7.3.tgz 0ms (cache hit)
npm http cache @types/draco3d@https://registry.npmjs.org/@types/draco3d/-/draco3d-1.4.10.tgz 0ms (cache hit)
npm http cache potpack@https://registry.npmjs.org/potpack/-/potpack-1.0.2.tgz 0ms (cache hit)
npm http cache is-number@https://registry.npmjs.org/is-number/-/is-number-7.0.0.tgz 0ms (cache hit)
npm http cache is-what@https://registry.npmjs.org/is-what/-/is-what-5.5.0.tgz 0ms (cache hit)
npm http cache copy-anything@https://registry.npmjs.org/copy-anything/-/copy-anything-4.0.5.tgz 0ms (cache hit)
npm http cache side-channel-weakmap@https://registry.npmjs.org/side-channel-weakmap/-/side-channel-weakmap-1.0.2.tgz 0ms (cache hit)
npm http cache client-only@https://registry.npmjs.org/client-only/-/client-only-0.0.1.tgz 0ms (cache hit)
npm http cache has-flag@https://registry.npmjs.org/has-flag/-/has-flag-4.0.0.tgz 0ms (cache hit)
npm http cache @emnapi/runtime@https://registry.npmjs.org/@emnapi/runtime/-/runtime-1.11.3.tgz 0ms (cache hit)
npm http cache side-channel-list@https://registry.npmjs.org/side-channel-list/-/side-channel-list-1.0.1.tgz 0ms (cache hit)
npm http cache side-channel-map@https://registry.npmjs.org/side-channel-map/-/side-channel-map-1.0.1.tgz 0ms (cache hit)
npm http cache @img/sharp-win32-x64@https://registry.npmjs.org/@img/sharp-win32-x64/-/sharp-win32-x64-0.34.5.tgz 0ms (cache hit)
npm http cache @img/colour@https://registry.npmjs.org/@img/colour/-/colour-1.1.0.tgz 0ms (cache hit)
npm http cache shebang-regex@https://registry.npmjs.org/shebang-regex/-/shebang-regex-3.0.0.tgz 0ms (cache hit)
npm http cache isarray@https://registry.npmjs.org/isarray/-/isarray-2.0.5.tgz 0ms (cache hit)
npm http cache queue-microtask@https://registry.npmjs.org/queue-microtask/-/queue-microtask-1.2.3.tgz 0ms (cache hit)
npm http cache draco3d@https://registry.npmjs.org/draco3d/-/draco3d-1.5.7.tgz 0ms (cache hit)
npm http cache path-parse@https://registry.npmjs.org/path-parse/-/path-parse-1.0.7.tgz 0ms (cache hit)
npm http cache supports-preserve-symlinks-flag@https://registry.npmjs.org/supports-preserve-symlinks-flag/-/supports-preserve-symlinks-flag-1.0.0.tgz 0ms (cache hit)
npm http cache node-exports-info@https://registry.npmjs.org/node-exports-info/-/node-exports-info-1.6.2.tgz 0ms (cache hit)
npm http cache destr@https://registry.npmjs.org/destr/-/destr-2.0.5.tgz 0ms (cache hit)
npm http cache react-is@https://registry.npmjs.org/react-is/-/react-is-16.13.1.tgz 0ms (cache hit)
npm http cache js-tokens@https://registry.npmjs.org/js-tokens/-/js-tokens-4.0.0.tgz 0ms (cache hit)
npm http cache lie@https://registry.npmjs.org/lie/-/lie-3.3.0.tgz 0ms (cache hit)
npm http cache is-promise@https://registry.npmjs.org/is-promise/-/is-promise-2.2.2.tgz 0ms (cache hit)
npm http cache tinyexec@https://registry.npmjs.org/tinyexec/-/tinyexec-1.3.0.tgz 0ms (cache hit)
npm http cache object-assign@https://registry.npmjs.org/object-assign/-/object-assign-4.1.1.tgz 0ms (cache hit)
npm http cache loose-envify@https://registry.npmjs.org/loose-envify/-/loose-envify-1.4.0.tgz 0ms (cache hit)
npm http cache immediate@https://registry.npmjs.org/immediate/-/immediate-3.0.6.tgz 0ms (cache hit)
npm http cache @standard-schema/spec@https://registry.npmjs.org/@standard-schema/spec/-/spec-1.1.0.tgz 0ms (cache hit)
npm http cache node-fetch-native@https://registry.npmjs.org/node-fetch-native/-/node-fetch-native-1.6.7.tgz 0ms (cache hit)
npm http cache fast-check@https://registry.npmjs.org/fast-check/-/fast-check-3.23.2.tgz 0ms (cache hit)
npm http cache nypm@https://registry.npmjs.org/nypm/-/nypm-0.6.9.tgz 0ms (cache hit)
npm http cache pure-rand@https://registry.npmjs.org/pure-rand/-/pure-rand-6.1.0.tgz 0ms (cache hit)
npm http cache citty@https://registry.npmjs.org/citty/-/citty-0.1.6.tgz 0ms (cache hit)
npm http cache consola@https://registry.npmjs.org/consola/-/consola-3.4.2.tgz 0ms (cache hit)
npm http cache perfect-debounce@https://registry.npmjs.org/perfect-debounce/-/perfect-debounce-1.0.0.tgz 0ms (cache hit)
npm http cache pkg-types@https://registry.npmjs.org/pkg-types/-/pkg-types-2.3.1.tgz 3ms (cache hit)
npm http cache ohash@https://registry.npmjs.org/ohash/-/ohash-2.0.11.tgz 0ms (cache hit)
npm http cache pathe@https://registry.npmjs.org/pathe/-/pathe-2.0.3.tgz 0ms (cache hit)
npm http cache rc9@https://registry.npmjs.org/rc9/-/rc9-2.1.2.tgz 0ms (cache hit)
npm http cache readdirp@https://registry.npmjs.org/readdirp/-/readdirp-4.1.2.tgz 0ms (cache hit)
npm http cache dotenv@https://registry.npmjs.org/dotenv/-/dotenv-16.6.1.tgz 0ms (cache hit)
npm http cache @prisma/get-platform@https://registry.npmjs.org/@prisma/get-platform/-/get-platform-6.19.3.tgz 0ms (cache hit)
npm http cache exsolve@https://registry.npmjs.org/exsolve/-/exsolve-1.1.1.tgz 0ms (cache hit)
npm http cache @prisma/fetch-engine@https://registry.npmjs.org/@prisma/fetch-engine/-/fetch-engine-6.19.3.tgz 0ms (cache hit)
npm http cache @prisma/engines-version@https://registry.npmjs.org/@prisma/engines-version/-/engines-version-7.1.1-3.c2990dca591cba766e3b7ef5d9e8a84796e47ab7.tgz 0ms (cache hit)
npm http cache defu@https://registry.npmjs.org/defu/-/defu-6.1.7.tgz 0ms (cache hit)
npm http cache giget@https://registry.npmjs.org/giget/-/giget-2.0.0.tgz 0ms (cache hit)
npm http cache @prisma/debug@https://registry.npmjs.org/@prisma/debug/-/debug-6.19.3.tgz 0ms (cache hit)
npm http cache confbox@https://registry.npmjs.org/confbox/-/confbox-0.2.4.tgz 0ms (cache hit)
npm http cache @prisma/engines@https://registry.npmjs.org/@prisma/engines/-/engines-6.19.3.tgz 0ms (cache hit)
npm http cache @prisma/config@https://registry.npmjs.org/@prisma/config/-/config-6.19.3.tgz 0ms (cache hit)
npm http cache chokidar@https://registry.npmjs.org/chokidar/-/chokidar-4.0.3.tgz 0ms (cache hit)
npm http cache c12@https://registry.npmjs.org/c12/-/c12-3.1.0.tgz 0ms (cache hit)
npm http cache empathic@https://registry.npmjs.org/empathic/-/empathic-2.0.0.tgz 0ms (cache hit)
npm http cache effect@https://registry.npmjs.org/effect/-/effect-3.21.0.tgz 0ms (cache hit)
npm http cache nanoid@https://registry.npmjs.org/nanoid/-/nanoid-3.3.18.tgz 0ms (cache hit)
npm http cache deepmerge-ts@https://registry.npmjs.org/deepmerge-ts/-/deepmerge-ts-7.1.5.tgz 0ms (cache hit)
npm http cache picocolors@https://registry.npmjs.org/picocolors/-/picocolors-1.1.1.tgz 0ms (cache hit)
npm http cache yocto-queue@https://registry.npmjs.org/yocto-queue/-/yocto-queue-0.1.0.tgz 0ms (cache hit)
npm http cache word-wrap@https://registry.npmjs.org/word-wrap/-/word-wrap-1.2.5.tgz 0ms (cache hit)
npm http cache p-limit@https://registry.npmjs.org/p-limit/-/p-limit-3.1.0.tgz 0ms (cache hit)
npm http cache callsites@https://registry.npmjs.org/callsites/-/callsites-3.1.0.tgz 0ms (cache hit)
npm http cache @swc/helpers@https://registry.npmjs.org/@swc/helpers/-/helpers-0.5.15.tgz 0ms (cache hit)
npm http cache deep-is@https://registry.npmjs.org/deep-is/-/deep-is-0.1.4.tgz 0ms (cache hit)
npm http cache fast-levenshtein@https://registry.npmjs.org/fast-levenshtein/-/fast-levenshtein-2.0.6.tgz 0ms (cache hit)
npm http cache sharp@https://registry.npmjs.org/sharp/-/sharp-0.34.5.tgz 0ms (cache hit)
npm http cache @next/swc-win32-x64-msvc@https://registry.npmjs.org/@next/swc-win32-x64-msvc/-/swc-win32-x64-msvc-15.5.23.tgz 0ms (cache hit)
npm http cache styled-jsx@https://registry.npmjs.org/styled-jsx/-/styled-jsx-5.1.6.tgz 0ms (cache hit)
npm http cache concat-map@https://registry.npmjs.org/concat-map/-/concat-map-0.0.1.tgz 0ms (cache hit)
npm http cache caniuse-lite@https://registry.npmjs.org/caniuse-lite/-/caniuse-lite-1.0.30001809.tgz 0ms (cache hit)
npm http cache @next/env@https://registry.npmjs.org/@next/env/-/env-15.5.23.tgz 0ms (cache hit)
npm http cache balanced-match@https://registry.npmjs.org/balanced-match/-/balanced-match-1.0.2.tgz 0ms (cache hit)
npm http cache to-regex-range@https://registry.npmjs.org/to-regex-range/-/to-regex-range-5.0.1.tgz 0ms (cache hit)
npm http cache brace-expansion@https://registry.npmjs.org/brace-expansion/-/brace-expansion-1.1.18.tgz 0ms (cache hit)
npm http cache braces@https://registry.npmjs.org/braces/-/braces-3.0.3.tgz 0ms (cache hit)
npm http cache picomatch@https://registry.npmjs.org/picomatch/-/picomatch-2.3.2.tgz 0ms (cache hit)
npm http cache p-locate@https://registry.npmjs.org/p-locate/-/p-locate-5.0.0.tgz 0ms (cache hit)
npm http cache fill-range@https://registry.npmjs.org/fill-range/-/fill-range-7.1.1.tgz 0ms (cache hit)
npm http cache language-subtag-registry@https://registry.npmjs.org/language-subtag-registry/-/language-subtag-registry-0.3.23.tgz 0ms (cache hit)
npm http cache detect-libc@https://registry.npmjs.org/detect-libc/-/detect-libc-2.1.2.tgz 0ms (cache hit)
npm http cache type-check@https://registry.npmjs.org/type-check/-/type-check-0.4.0.tgz 0ms (cache hit)
npm http cache lightningcss-win32-x64-msvc@https://registry.npmjs.org/lightningcss-win32-x64-msvc/-/lightningcss-win32-x64-msvc-1.32.0.tgz 0ms (cache hit)
npm http cache @types/react-reconciler@https://registry.npmjs.org/@types/react-reconciler/-/react-reconciler-0.28.9.tgz 0ms (cache hit)
npm http cache prelude-ls@https://registry.npmjs.org/prelude-ls/-/prelude-ls-1.2.1.tgz 0ms (cache hit)
npm http cache argparse@https://registry.npmjs.org/argparse/-/argparse-2.0.1.tgz 0ms (cache hit)
npm http cache json-buffer@https://registry.npmjs.org/json-buffer/-/json-buffer-3.0.1.tgz 0ms (cache hit)
npm http cache is-extglob@https://registry.npmjs.org/is-extglob/-/is-extglob-2.1.1.tgz 0ms (cache hit)
npm http cache set-function-name@https://registry.npmjs.org/set-function-name/-/set-function-name-2.0.2.tgz 0ms (cache hit)
npm http cache side-channel@https://registry.npmjs.org/side-channel/-/side-channel-1.1.1.tgz 1ms (cache hit)
npm http cache resolve-from@https://registry.npmjs.org/resolve-from/-/resolve-from-4.0.0.tgz 0ms (cache hit)
npm http cache resolve-pkg-maps@https://registry.npmjs.org/resolve-pkg-maps/-/resolve-pkg-maps-1.0.0.tgz 0ms (cache hit)
npm http cache parent-module@https://registry.npmjs.org/parent-module/-/parent-module-1.0.1.tgz 0ms (cache hit)
npm http cache dunder-proto@https://registry.npmjs.org/dunder-proto/-/dunder-proto-1.0.1.tgz 0ms (cache hit)
npm http cache functions-have-names@https://registry.npmjs.org/functions-have-names/-/functions-have-names-1.2.3.tgz 0ms (cache hit)
npm http cache motion-dom@https://registry.npmjs.org/motion-dom/-/motion-dom-13.0.0.tgz 0ms (cache hit)
npm http cache tslib@https://registry.npmjs.org/tslib/-/tslib-2.8.1.tgz 0ms (cache hit)
npm http cache motion-utils@https://registry.npmjs.org/motion-utils/-/motion-utils-13.0.0.tgz 0ms (cache hit)
npm http cache keyv@https://registry.npmjs.org/keyv/-/keyv-4.5.4.tgz 0ms (cache hit)
npm http cache path-exists@https://registry.npmjs.org/path-exists/-/path-exists-4.0.0.tgz 0ms (cache hit)
npm http cache flat-cache@https://registry.npmjs.org/flat-cache/-/flat-cache-4.0.1.tgz 0ms (cache hit)
npm http cache reusify@https://registry.npmjs.org/reusify/-/reusify-1.1.0.tgz 0ms (cache hit)
npm http cache @nodelib/fs.scandir@https://registry.npmjs.org/@nodelib/fs.scandir/-/fs.scandir-2.1.5.tgz 0ms (cache hit)
npm http cache locate-path@https://registry.npmjs.org/locate-path/-/locate-path-6.0.0.tgz 0ms (cache hit)
npm http cache @nodelib/fs.stat@https://registry.npmjs.org/@nodelib/fs.stat/-/fs.stat-2.0.5.tgz 0ms (cache hit)
npm http cache run-parallel@https://registry.npmjs.org/run-parallel/-/run-parallel-1.2.0.tgz 0ms (cache hit)
npm http cache fastq@https://registry.npmjs.org/fastq/-/fastq-1.20.1.tgz 0ms (cache hit)
npm http cache merge2@https://registry.npmjs.org/merge2/-/merge2-1.4.1.tgz 0ms (cache hit)
npm http cache @nodelib/fs.walk@https://registry.npmjs.org/@nodelib/fs.walk/-/fs.walk-1.2.8.tgz 0ms (cache hit)
npm http cache micromatch@https://registry.npmjs.org/micromatch/-/micromatch-4.0.8.tgz 0ms (cache hit)
npm http cache acorn-jsx@https://registry.npmjs.org/acorn-jsx/-/acorn-jsx-5.3.2.tgz 0ms (cache hit)
npm http cache iterator.prototype@https://registry.npmjs.org/iterator.prototype/-/iterator.prototype-1.1.5.tgz 1ms (cache hit)
npm http cache string.prototype.repeat@https://registry.npmjs.org/string.prototype.repeat/-/string.prototype.repeat-1.0.0.tgz 0ms (cache hit)
npm http cache acorn@https://registry.npmjs.org/acorn/-/acorn-8.18.0.tgz 0ms (cache hit)
npm http cache esrecurse@https://registry.npmjs.org/esrecurse/-/esrecurse-4.3.0.tgz 0ms (cache hit)
npm http cache string.prototype.matchall@https://registry.npmjs.org/string.prototype.matchall/-/string.prototype.matchall-4.0.12.tgz 0ms (cache hit)
npm http cache prop-types@https://registry.npmjs.org/prop-types/-/prop-types-15.8.1.tgz 0ms (cache hit)
npm http cache object.entries@https://registry.npmjs.org/object.entries/-/object.entries-1.1.9.tgz 0ms (cache hit)
npm http cache estraverse@https://registry.npmjs.org/estraverse/-/estraverse-5.3.0.tgz 0ms (cache hit)
npm http cache array.prototype.tosorted@https://registry.npmjs.org/array.prototype.tosorted/-/array.prototype.tosorted-1.1.4.tgz 0ms (cache hit)
npm http cache string.prototype.includes@https://registry.npmjs.org/string.prototype.includes/-/string.prototype.includes-2.0.1.tgz 0ms (cache hit)
npm http cache es-iterator-helpers@https://registry.npmjs.org/es-iterator-helpers/-/es-iterator-helpers-1.4.0.tgz 1ms (cache hit)
npm http cache jsx-ast-utils@https://registry.npmjs.org/jsx-ast-utils/-/jsx-ast-utils-3.3.5.tgz 0ms (cache hit)
npm http cache array.prototype.findlast@https://registry.npmjs.org/array.prototype.findlast/-/array.prototype.findlast-1.2.5.tgz 0ms (cache hit)
npm http cache language-tags@https://registry.npmjs.org/language-tags/-/language-tags-1.0.9.tgz 0ms (cache hit)
npm http cache emoji-regex@https://registry.npmjs.org/emoji-regex/-/emoji-regex-9.2.2.tgz 0ms (cache hit)
npm http cache damerau-levenshtein@https://registry.npmjs.org/damerau-levenshtein/-/damerau-levenshtein-1.0.8.tgz 0ms (cache hit)
npm http cache axe-core@https://registry.npmjs.org/axe-core/-/axe-core-4.13.0.tgz 0ms (cache hit)
npm http cache axobject-query@https://registry.npmjs.org/axobject-query/-/axobject-query-4.1.0.tgz 0ms (cache hit)
npm http cache ast-types-flow@https://registry.npmjs.org/ast-types-flow/-/ast-types-flow-0.0.8.tgz 0ms (cache hit)
npm http cache aria-query@https://registry.npmjs.org/aria-query/-/aria-query-5.3.2.tgz 0ms (cache hit)
npm http cache is-symbol@https://registry.npmjs.org/is-symbol/-/is-symbol-1.1.1.tgz 0ms (cache hit)
npm http cache is-date-object@https://registry.npmjs.org/is-date-object/-/is-date-object-1.1.0.tgz 0ms (cache hit)
npm http cache es-abstract-get@https://registry.npmjs.org/es-abstract-get/-/es-abstract-get-1.0.0.tgz 0ms (cache hit)
npm http cache has-tostringtag@https://registry.npmjs.org/has-tostringtag/-/has-tostringtag-1.0.2.tgz 0ms (cache hit)
npm http cache which-typed-array@https://registry.npmjs.org/which-typed-array/-/which-typed-array-1.1.22.tgz 0ms (cache hit)
npm http cache possible-typed-array-names@https://registry.npmjs.org/possible-typed-array-names/-/possible-typed-array-names-1.1.0.tgz 0ms (cache hit)
npm http cache unbox-primitive@https://registry.npmjs.org/unbox-primitive/-/unbox-primitive-1.1.0.tgz 0ms (cache hit)
npm http cache typed-array-byte-offset@https://registry.npmjs.org/typed-array-byte-offset/-/typed-array-byte-offset-1.0.4.tgz 0ms (cache hit)
npm http cache typed-array-length@https://registry.npmjs.org/typed-array-length/-/typed-array-length-1.0.8.tgz 0ms (cache hit)
npm http cache typed-array-byte-length@https://registry.npmjs.org/typed-array-byte-length/-/typed-array-byte-length-1.0.3.tgz 0ms (cache hit)
npm http cache string.prototype.trimstart@https://registry.npmjs.org/string.prototype.trimstart/-/string.prototype.trimstart-1.0.8.tgz 1ms (cache hit)
npm http cache typed-array-buffer@https://registry.npmjs.org/typed-array-buffer/-/typed-array-buffer-1.0.3.tgz 0ms (cache hit)
npm http cache stop-iteration-iterator@https://registry.npmjs.org/stop-iteration-iterator/-/stop-iteration-iterator-1.1.0.tgz 0ms (cache hit)
npm http cache string.prototype.trim@https://registry.npmjs.org/string.prototype.trim/-/string.prototype.trim-1.2.11.tgz 0ms (cache hit)
npm http cache set-proto@https://registry.npmjs.org/set-proto/-/set-proto-1.0.0.tgz 0ms (cache hit)
npm http cache safe-array-concat@https://registry.npmjs.org/safe-array-concat/-/safe-array-concat-1.1.4.tgz 0ms (cache hit)
npm http cache safe-regex-test@https://registry.npmjs.org/safe-regex-test/-/safe-regex-test-1.1.0.tgz 0ms (cache hit)
npm http cache safe-push-apply@https://registry.npmjs.org/safe-push-apply/-/safe-push-apply-1.0.0.tgz 0ms (cache hit)
npm http cache own-keys@https://registry.npmjs.org/own-keys/-/own-keys-1.0.2.tgz 0ms (cache hit)
npm http cache regexp.prototype.flags@https://registry.npmjs.org/regexp.prototype.flags/-/regexp.prototype.flags-1.5.4.tgz 0ms (cache hit)
npm http cache object.assign@https://registry.npmjs.org/object.assign/-/object.assign-4.1.7.tgz 0ms (cache hit)
npm http cache object-inspect@https://registry.npmjs.org/object-inspect/-/object-inspect-1.13.4.tgz 1ms (cache hit)
npm http cache is-weakref@https://registry.npmjs.org/is-weakref/-/is-weakref-1.1.1.tgz 0ms (cache hit)
npm http cache is-typed-array@https://registry.npmjs.org/is-typed-array/-/is-typed-array-1.1.15.tgz 0ms (cache hit)
npm http cache is-set@https://registry.npmjs.org/is-set/-/is-set-2.0.3.tgz 0ms (cache hit)
npm http cache is-shared-array-buffer@https://registry.npmjs.org/is-shared-array-buffer/-/is-shared-array-buffer-1.0.4.tgz 0ms (cache hit)
npm http cache is-negative-zero@https://registry.npmjs.org/is-negative-zero/-/is-negative-zero-2.0.3.tgz 0ms (cache hit)
npm http cache is-regex@https://registry.npmjs.org/is-regex/-/is-regex-1.2.1.tgz 0ms (cache hit)
npm http cache is-data-view@https://registry.npmjs.org/is-data-view/-/is-data-view-1.0.2.tgz 0ms (cache hit)
npm http cache is-callable@https://registry.npmjs.org/is-callable/-/is-callable-1.2.7.tgz 0ms (cache hit)
npm http cache is-array-buffer@https://registry.npmjs.org/is-array-buffer/-/is-array-buffer-3.0.5.tgz 0ms (cache hit)
npm http cache internal-slot@https://registry.npmjs.org/internal-slot/-/internal-slot-1.1.0.tgz 0ms (cache hit)
npm http cache has-symbols@https://registry.npmjs.org/has-symbols/-/has-symbols-1.1.0.tgz 0ms (cache hit)
npm http cache has-proto@https://registry.npmjs.org/has-proto/-/has-proto-1.2.0.tgz 0ms (cache hit)
npm http cache globalthis@https://registry.npmjs.org/globalthis/-/globalthis-1.0.4.tgz 0ms (cache hit)
npm http cache function.prototype.name@https://registry.npmjs.org/function.prototype.name/-/function.prototype.name-1.2.0.tgz 0ms (cache hit)
npm http cache get-proto@https://registry.npmjs.org/get-proto/-/get-proto-1.0.1.tgz 1ms (cache hit)
npm http cache get-symbol-description@https://registry.npmjs.org/get-symbol-description/-/get-symbol-description-1.1.0.tgz 0ms (cache hit)
npm http cache es-to-primitive@https://registry.npmjs.org/es-to-primitive/-/es-to-primitive-1.3.4.tgz 0ms (cache hit)
npm http cache es-set-tostringtag@https://registry.npmjs.org/es-set-tostringtag/-/es-set-tostringtag-2.1.0.tgz 0ms (cache hit)
npm http cache data-view-byte-offset@https://registry.npmjs.org/data-view-byte-offset/-/data-view-byte-offset-1.0.1.tgz 0ms (cache hit)
npm http cache data-view-byte-length@https://registry.npmjs.org/data-view-byte-length/-/data-view-byte-length-1.0.2.tgz 0ms (cache hit)
npm http cache data-view-buffer@https://registry.npmjs.org/data-view-buffer/-/data-view-buffer-1.0.2.tgz 0ms (cache hit)
npm http cache available-typed-arrays@https://registry.npmjs.org/available-typed-arrays/-/available-typed-arrays-1.0.7.tgz 0ms (cache hit)
npm http cache arraybuffer.prototype.slice@https://registry.npmjs.org/arraybuffer.prototype.slice/-/arraybuffer.prototype.slice-1.0.4.tgz 0ms (cache hit)
npm http cache array-buffer-byte-length@https://registry.npmjs.org/array-buffer-byte-length/-/array-buffer-byte-length-1.0.2.tgz 0ms (cache hit)
npm http cache gopd@https://registry.npmjs.org/gopd/-/gopd-1.2.0.tgz 0ms (cache hit)
npm http cache object-keys@https://registry.npmjs.org/object-keys/-/object-keys-1.1.1.tgz 0ms (cache hit)
npm http cache has-property-descriptors@https://registry.npmjs.org/has-property-descriptors/-/has-property-descriptors-1.0.2.tgz 0ms (cache hit)
npm http cache define-data-property@https://registry.npmjs.org/define-data-property/-/define-data-property-1.1.4.tgz 0ms (cache hit)
npm http cache set-function-length@https://registry.npmjs.org/set-function-length/-/set-function-length-1.2.2.tgz 0ms (cache hit)
npm http cache es-define-property@https://registry.npmjs.org/es-define-property/-/es-define-property-1.0.1.tgz 0ms (cache hit)
npm http cache function-bind@https://registry.npmjs.org/function-bind/-/function-bind-1.1.2.tgz 0ms (cache hit)
npm http cache call-bind-apply-helpers@https://registry.npmjs.org/call-bind-apply-helpers/-/call-bind-apply-helpers-1.0.2.tgz 0ms (cache hit)
npm http cache es-shim-unscopables@https://registry.npmjs.org/es-shim-unscopables/-/es-shim-unscopables-1.1.0.tgz 0ms (cache hit)
npm http cache es-errors@https://registry.npmjs.org/es-errors/-/es-errors-1.3.0.tgz 0ms (cache hit)
npm http cache math-intrinsics@https://registry.npmjs.org/math-intrinsics/-/math-intrinsics-1.1.0.tgz 0ms (cache hit)
npm http cache is-string@https://registry.npmjs.org/is-string/-/is-string-1.1.1.tgz 0ms (cache hit)
npm http cache get-intrinsic@https://registry.npmjs.org/get-intrinsic/-/get-intrinsic-1.3.0.tgz 0ms (cache hit)
npm http cache es-object-atoms@https://registry.npmjs.org/es-object-atoms/-/es-object-atoms-1.1.2.tgz 0ms (cache hit)
npm http cache es-abstract@https://registry.npmjs.org/es-abstract/-/es-abstract-1.24.2.tgz 0ms (cache hit)
npm http cache define-properties@https://registry.npmjs.org/define-properties/-/define-properties-1.2.1.tgz 0ms (cache hit)
npm http cache call-bound@https://registry.npmjs.org/call-bound/-/call-bound-1.0.4.tgz 0ms (cache hit)
npm http cache is-document.all@https://registry.npmjs.org/is-document.all/-/is-document.all-1.0.0.tgz 0ms (cache hit)
npm http cache call-bind@https://registry.npmjs.org/call-bind/-/call-bind-1.0.9.tgz 0ms (cache hit)
npm http cache tsconfig-paths@https://registry.npmjs.org/tsconfig-paths/-/tsconfig-paths-3.15.0.tgz 0ms (cache hit)
npm http cache hasown@https://registry.npmjs.org/hasown/-/hasown-2.0.4.tgz 0ms (cache hit)
npm http cache string.prototype.trimend@https://registry.npmjs.org/string.prototype.trimend/-/string.prototype.trimend-1.0.10.tgz 0ms (cache hit)
npm http cache object.values@https://registry.npmjs.org/object.values/-/object.values-1.2.1.tgz 0ms (cache hit)
npm http cache object.fromentries@https://registry.npmjs.org/object.fromentries/-/object.fromentries-2.0.8.tgz 0ms (cache hit)
npm http cache object.groupby@https://registry.npmjs.org/object.groupby/-/object.groupby-1.0.3.tgz 0ms (cache hit)
npm http cache doctrine@https://registry.npmjs.org/doctrine/-/doctrine-2.1.0.tgz 0ms (cache hit)
npm http cache eslint-module-utils@https://registry.npmjs.org/eslint-module-utils/-/eslint-module-utils-2.14.0.tgz 0ms (cache hit)
npm http cache @rtsao/scc@https://registry.npmjs.org/@rtsao/scc/-/scc-1.1.0.tgz 0ms (cache hit)
npm http cache array.prototype.flatmap@https://registry.npmjs.org/array.prototype.flatmap/-/array.prototype.flatmap-1.3.3.tgz 0ms (cache hit)
npm http cache array.prototype.flat@https://registry.npmjs.org/array.prototype.flat/-/array.prototype.flat-1.3.3.tgz 0ms (cache hit)
npm http cache array-includes@https://registry.npmjs.org/array-includes/-/array-includes-3.1.9.tgz 0ms (cache hit)
npm http cache array.prototype.findlastindex@https://registry.npmjs.org/array.prototype.findlastindex/-/array.prototype.findlastindex-1.2.6.tgz 0ms (cache hit)
npm http cache @nolyfill/is-core-module@https://registry.npmjs.org/@nolyfill/is-core-module/-/is-core-module-1.0.39.tgz 0ms (cache hit)
npm http cache is-bun-module@https://registry.npmjs.org/is-bun-module/-/is-bun-module-2.0.0.tgz 0ms (cache hit)
npm http cache get-tsconfig@https://registry.npmjs.org/get-tsconfig/-/get-tsconfig-4.14.1.tgz 1ms (cache hit)
npm http cache stable-hash@https://registry.npmjs.org/stable-hash/-/stable-hash-0.0.5.tgz 0ms (cache hit)
npm http cache is-core-module@https://registry.npmjs.org/is-core-module/-/is-core-module-2.16.2.tgz 0ms (cache hit)
npm http cache @typescript-eslint/tsconfig-utils@https://registry.npmjs.org/@typescript-eslint/tsconfig-utils/-/tsconfig-utils-8.67.0.tgz 1ms (cache hit)
npm http cache @typescript-eslint/project-service@https://registry.npmjs.org/@typescript-eslint/project-service/-/project-service-8.67.0.tgz 0ms (cache hit)
npm http cache semver@https://registry.npmjs.org/semver/-/semver-7.8.5.tgz 0ms (cache hit)
npm http cache tinyglobby@https://registry.npmjs.org/tinyglobby/-/tinyglobby-0.2.17.tgz 0ms (cache hit)
npm http cache unrs-resolver@https://registry.npmjs.org/unrs-resolver/-/unrs-resolver-1.12.2.tgz 0ms (cache hit)
npm http cache @typescript-eslint/visitor-keys@https://registry.npmjs.org/@typescript-eslint/visitor-keys/-/visitor-keys-8.67.0.tgz 0ms (cache hit)
npm http cache @typescript-eslint/types@https://registry.npmjs.org/@typescript-eslint/types/-/types-8.67.0.tgz 1ms (cache hit)
npm http cache @typescript-eslint/type-utils@https://registry.npmjs.org/@typescript-eslint/type-utils/-/type-utils-8.67.0.tgz 0ms (cache hit)
npm http cache @typescript-eslint/typescript-estree@https://registry.npmjs.org/@typescript-eslint/typescript-estree/-/typescript-estree-8.67.0.tgz 0ms (cache hit)
npm http cache @typescript-eslint/utils@https://registry.npmjs.org/@typescript-eslint/utils/-/utils-8.67.0.tgz 0ms (cache hit)
npm http cache @typescript-eslint/scope-manager@https://registry.npmjs.org/@typescript-eslint/scope-manager/-/scope-manager-8.67.0.tgz 0ms (cache hit)
npm http cache ts-api-utils@https://registry.npmjs.org/ts-api-utils/-/ts-api-utils-2.5.0.tgz 0ms (cache hit)
npm http cache eslint-plugin-react@https://registry.npmjs.org/eslint-plugin-react/-/eslint-plugin-react-7.37.5.tgz 0ms (cache hit)
npm http cache eslint-plugin-react-hooks@https://registry.npmjs.org/eslint-plugin-react-hooks/-/eslint-plugin-react-hooks-5.2.0.tgz 0ms (cache hit)
npm http cache @typescript-eslint/parser@https://registry.npmjs.org/@typescript-eslint/parser/-/parser-8.67.0.tgz 0ms (cache hit)
npm http cache eslint-plugin-jsx-a11y@https://registry.npmjs.org/eslint-plugin-jsx-a11y/-/eslint-plugin-jsx-a11y-6.10.2.tgz 0ms (cache hit)
npm http cache fast-glob@https://registry.npmjs.org/fast-glob/-/fast-glob-3.3.1.tgz 0ms (cache hit)
npm http cache @rushstack/eslint-patch@https://registry.npmjs.org/@rushstack/eslint-patch/-/eslint-patch-1.16.1.tgz 0ms (cache hit)
npm http cache eslint-import-resolver-typescript@https://registry.npmjs.org/eslint-import-resolver-typescript/-/eslint-import-resolver-typescript-3.10.1.tgz 0ms (cache hit)
npm http cache eslint-import-resolver-node@https://registry.npmjs.org/eslint-import-resolver-node/-/eslint-import-resolver-node-0.3.10.tgz 0ms (cache hit)
npm http cache @next/eslint-plugin-next@https://registry.npmjs.org/@next/eslint-plugin-next/-/eslint-plugin-next-15.5.23.tgz 0ms (cache hit)
npm http cache supports-color@https://registry.npmjs.org/supports-color/-/supports-color-7.2.0.tgz 0ms (cache hit)
npm http cache eslint-plugin-import@https://registry.npmjs.org/eslint-plugin-import/-/eslint-plugin-import-2.32.0.tgz 0ms (cache hit)
npm http cache @typescript-eslint/eslint-plugin@https://registry.npmjs.org/@typescript-eslint/eslint-plugin/-/eslint-plugin-8.67.0.tgz 0ms (cache hit)
npm http cache resolve@https://registry.npmjs.org/resolve/-/resolve-2.0.0-next.7.tgz 0ms (cache hit)
npm http cache color-name@https://registry.npmjs.org/color-name/-/color-name-1.1.4.tgz 0ms (cache hit)
npm http cache ms@https://registry.npmjs.org/ms/-/ms-2.1.3.tgz 1ms (cache hit)
npm http cache uri-js@https://registry.npmjs.org/uri-js/-/uri-js-4.4.1.tgz 0ms (cache hit)
npm http cache ansi-styles@https://registry.npmjs.org/ansi-styles/-/ansi-styles-4.3.0.tgz 0ms (cache hit)
npm http cache json-schema-traverse@https://registry.npmjs.org/json-schema-traverse/-/json-schema-traverse-0.4.1.tgz 0ms (cache hit)
npm http cache fast-json-stable-stringify@https://registry.npmjs.org/fast-json-stable-stringify/-/fast-json-stable-stringify-2.1.0.tgz 0ms (cache hit)
npm http cache strip-json-comments@https://registry.npmjs.org/strip-json-comments/-/strip-json-comments-3.1.1.tgz 0ms (cache hit)
npm http cache @humanfs/types@https://registry.npmjs.org/@humanfs/types/-/types-0.15.0.tgz 0ms (cache hit)
npm http cache js-yaml@https://registry.npmjs.org/js-yaml/-/js-yaml-4.3.1.tgz 0ms (cache hit)
npm http cache color-convert@https://registry.npmjs.org/color-convert/-/color-convert-2.0.1.tgz 0ms (cache hit)
npm http cache @types/json-schema@https://registry.npmjs.org/@types/json-schema/-/json-schema-7.0.15.tgz 0ms (cache hit)
npm http cache levn@https://registry.npmjs.org/levn/-/levn-0.4.1.tgz 0ms (cache hit)
npm http cache @eslint/object-schema@https://registry.npmjs.org/@eslint/object-schema/-/object-schema-2.1.7.tgz 1ms (cache hit)
npm http cache import-fresh@https://registry.npmjs.org/import-fresh/-/import-fresh-3.3.1.tgz 0ms (cache hit)
npm http cache optionator@https://registry.npmjs.org/optionator/-/optionator-0.9.4.tgz 0ms (cache hit)
npm http cache minimatch@https://registry.npmjs.org/minimatch/-/minimatch-3.1.5.tgz 0ms (cache hit)
npm http cache natural-compare@https://registry.npmjs.org/natural-compare/-/natural-compare-1.4.0.tgz 0ms (cache hit)
npm http cache lodash.merge@https://registry.npmjs.org/lodash.merge/-/lodash.merge-4.6.2.tgz 0ms (cache hit)
npm http cache json-stable-stringify-without-jsonify@https://registry.npmjs.org/json-stable-stringify-without-jsonify/-/json-stable-stringify-without-jsonify-1.0.1.tgz 0ms (cache hit)
npm http cache imurmurhash@https://registry.npmjs.org/imurmurhash/-/imurmurhash-0.1.4.tgz 0ms (cache hit)
npm http cache is-glob@https://registry.npmjs.org/is-glob/-/is-glob-4.0.3.tgz 0ms (cache hit)
npm http cache ignore@https://registry.npmjs.org/ignore/-/ignore-5.3.2.tgz 0ms (cache hit)
npm http cache find-up@https://registry.npmjs.org/find-up/-/find-up-5.0.0.tgz 0ms (cache hit)
npm http cache glob-parent@https://registry.npmjs.org/glob-parent/-/glob-parent-6.0.2.tgz 0ms (cache hit)
npm http cache globals@https://registry.npmjs.org/globals/-/globals-14.0.0.tgz 0ms (cache hit)
npm http cache @humanfs/core@https://registry.npmjs.org/@humanfs/core/-/core-0.19.2.tgz 0ms (cache hit)
npm http cache file-entry-cache@https://registry.npmjs.org/file-entry-cache/-/file-entry-cache-8.0.0.tgz 0ms (cache hit)
npm http cache fast-deep-equal@https://registry.npmjs.org/fast-deep-equal/-/fast-deep-equal-3.1.3.tgz 0ms (cache hit)
npm http cache esutils@https://registry.npmjs.org/esutils/-/esutils-2.0.3.tgz 0ms (cache hit)
npm http cache esquery@https://registry.npmjs.org/esquery/-/esquery-1.7.0.tgz 0ms (cache hit)
npm http cache espree@https://registry.npmjs.org/espree/-/espree-10.4.0.tgz 0ms (cache hit)
npm http cache eslint-scope@https://registry.npmjs.org/eslint-scope/-/eslint-scope-8.4.0.tgz 0ms (cache hit)
npm http cache escape-string-regexp@https://registry.npmjs.org/escape-string-regexp/-/escape-string-regexp-4.0.0.tgz 0ms (cache hit)
npm http cache ajv@https://registry.npmjs.org/ajv/-/ajv-6.15.0.tgz 0ms (cache hit)
npm http cache eslint-visitor-keys@https://registry.npmjs.org/eslint-visitor-keys/-/eslint-visitor-keys-4.2.1.tgz 0ms (cache hit)
npm http cache @types/estree@https://registry.npmjs.org/@types/estree/-/estree-1.0.9.tgz 0ms (cache hit)
npm http cache chalk@https://registry.npmjs.org/chalk/-/chalk-4.1.2.tgz 0ms (cache hit)
npm http cache @humanwhocodes/retry@https://registry.npmjs.org/@humanwhocodes/retry/-/retry-0.4.3.tgz 0ms (cache hit)
npm http cache @eslint/plugin-kit@https://registry.npmjs.org/@eslint/plugin-kit/-/plugin-kit-0.4.1.tgz 0ms (cache hit)
npm http cache debug@https://registry.npmjs.org/debug/-/debug-4.4.3.tgz 0ms (cache hit)
npm http cache @eslint/js@https://registry.npmjs.org/@eslint/js/-/js-9.39.5.tgz 0ms (cache hit)
npm http cache @humanwhocodes/module-importer@https://registry.npmjs.org/@humanwhocodes/module-importer/-/module-importer-1.0.1.tgz 0ms (cache hit)
npm http cache @eslint/eslintrc@https://registry.npmjs.org/@eslint/eslintrc/-/eslintrc-3.3.6.tgz 0ms (cache hit)
npm http cache @eslint/core@https://registry.npmjs.org/@eslint/core/-/core-0.17.0.tgz 0ms (cache hit)
npm http cache @eslint-community/regexpp@https://registry.npmjs.org/@eslint-community/regexpp/-/regexpp-4.12.2.tgz 0ms (cache hit)
npm http cache tapable@https://registry.npmjs.org/tapable/-/tapable-2.3.3.tgz 0ms (cache hit)
npm http cache @eslint/config-helpers@https://registry.npmjs.org/@eslint/config-helpers/-/config-helpers-0.4.2.tgz 0ms (cache hit)
npm http cache @eslint-community/eslint-utils@https://registry.npmjs.org/@eslint-community/eslint-utils/-/eslint-utils-4.10.1.tgz 0ms (cache hit)
npm http cache @eslint/config-array@https://registry.npmjs.org/@eslint/config-array/-/config-array-0.21.2.tgz 0ms (cache hit)
npm http cache graceful-fs@https://registry.npmjs.org/graceful-fs/-/graceful-fs-4.2.11.tgz 0ms (cache hit)
npm http cache @humanfs/node@https://registry.npmjs.org/@humanfs/node/-/node-0.16.8.tgz 0ms (cache hit)
npm http cache webgl-constants@https://registry.npmjs.org/webgl-constants/-/webgl-constants-1.1.1.tgz 0ms (cache hit)
npm http cache shebang-command@https://registry.npmjs.org/shebang-command/-/shebang-command-2.0.0.tgz 0ms (cache hit)
npm http cache path-key@https://registry.npmjs.org/path-key/-/path-key-3.1.1.tgz 0ms (cache hit)
npm http cache @use-gesture/core@https://registry.npmjs.org/@use-gesture/core/-/core-10.3.1.tgz 0ms (cache hit)
npm http cache @types/stats.js@https://registry.npmjs.org/@types/stats.js/-/stats.js-0.17.4.tgz 0ms (cache hit)
npm http cache which@https://registry.npmjs.org/which/-/which-2.0.2.tgz 0ms (cache hit)
npm http cache fflate@https://registry.npmjs.org/fflate/-/fflate-0.8.3.tgz 0ms (cache hit)
npm http cache meshoptimizer@https://registry.npmjs.org/meshoptimizer/-/meshoptimizer-1.1.1.tgz 0ms (cache hit)
npm http cache @tweenjs/tween.js@https://registry.npmjs.org/@tweenjs/tween.js/-/tween.js-23.1.3.tgz 0ms (cache hit)
npm http cache @tailwindcss/oxide-win32-x64-msvc@https://registry.npmjs.org/@tailwindcss/oxide-win32-x64-msvc/-/oxide-win32-x64-msvc-4.3.3.tgz 0ms (cache hit)
npm http cache @dimforge/rapier3d-compat@https://registry.npmjs.org/@dimforge/rapier3d-compat/-/rapier3d-compat-0.12.0.tgz 0ms (cache hit)
npm http cache @tanstack/query-core@https://registry.npmjs.org/@tanstack/query-core/-/query-core-5.101.4.tgz 0ms (cache hit)
npm http cache @jridgewell/resolve-uri@https://registry.npmjs.org/@jridgewell/resolve-uri/-/resolve-uri-3.1.2.tgz 0ms (cache hit)
npm http cache @jridgewell/sourcemap-codec@https://registry.npmjs.org/@jridgewell/sourcemap-codec/-/sourcemap-codec-1.5.5.tgz 1ms (cache hit)
npm http cache @jridgewell/trace-mapping@https://registry.npmjs.org/@jridgewell/trace-mapping/-/trace-mapping-0.3.31.tgz 1ms (cache hit)
npm http cache undici-types@https://registry.npmjs.org/undici-types/-/undici-types-6.21.0.tgz 0ms (cache hit)
npm http cache csstype@https://registry.npmjs.org/csstype/-/csstype-3.2.3.tgz 0ms (cache hit)
npm http cache @jridgewell/gen-mapping@https://registry.npmjs.org/@jridgewell/gen-mapping/-/gen-mapping-0.3.13.tgz 0ms (cache hit)
npm http cache flatted@https://registry.npmjs.org/flatted/-/flatted-3.4.4.tgz 0ms (cache hit)
npm http cache lightningcss@https://registry.npmjs.org/lightningcss/-/lightningcss-1.32.0.tgz 0ms (cache hit)
npm http cache source-map-js@https://registry.npmjs.org/source-map-js/-/source-map-js-1.2.1.tgz 0ms (cache hit)
npm http cache ieee754@https://registry.npmjs.org/ieee754/-/ieee754-1.2.1.tgz 0ms (cache hit)
npm http cache cross-spawn@https://registry.npmjs.org/cross-spawn/-/cross-spawn-7.0.6.tgz 0ms (cache hit)
npm http cache magic-string@https://registry.npmjs.org/magic-string/-/magic-string-0.30.21.tgz 0ms (cache hit)
npm http cache @jridgewell/remapping@https://registry.npmjs.org/@jridgewell/remapping/-/remapping-2.3.5.tgz 0ms (cache hit)
npm http cache @tailwindcss/oxide@https://registry.npmjs.org/@tailwindcss/oxide/-/oxide-4.3.3.tgz 0ms (cache hit)
npm http cache jiti@https://registry.npmjs.org/jiti/-/jiti-2.7.0.tgz 0ms (cache hit)
npm http cache @alloc/quick-lru@https://registry.npmjs.org/@alloc/quick-lru/-/quick-lru-5.2.0.tgz 0ms (cache hit)
npm http cache @tailwindcss/node@https://registry.npmjs.org/@tailwindcss/node/-/node-4.3.3.tgz 0ms (cache hit)
npm http cache @t3-oss/env-core@https://registry.npmjs.org/@t3-oss/env-core/-/env-core-0.13.11.tgz 0ms (cache hit)
npm http cache enhanced-resolve@https://registry.npmjs.org/enhanced-resolve/-/enhanced-resolve-5.24.5.tgz 0ms (cache hit)
npm http cache scheduler@https://registry.npmjs.org/scheduler/-/scheduler-0.27.0.tgz 0ms (cache hit)
npm http cache @types/webxr@https://registry.npmjs.org/@types/webxr/-/webxr-0.5.24.tgz 0ms (cache hit)
npm http cache its-fine@https://registry.npmjs.org/its-fine/-/its-fine-2.0.0.tgz 0ms (cache hit)
npm http cache react-use-measure@https://registry.npmjs.org/react-use-measure/-/react-use-measure-2.1.7.tgz 1ms (cache hit)
npm http cache base64-js@https://registry.npmjs.org/base64-js/-/base64-js-1.5.1.tgz 0ms (cache hit)
npm http cache buffer@https://registry.npmjs.org/buffer/-/buffer-6.0.3.tgz 0ms (cache hit)
npm http cache promise-worker-transferable@https://registry.npmjs.org/promise-worker-transferable/-/promise-worker-transferable-1.0.4.tgz 0ms (cache hit)
npm http cache utility-types@https://registry.npmjs.org/utility-types/-/utility-types-3.11.0.tgz 1ms (cache hit)
npm http cache zustand@https://registry.npmjs.org/zustand/-/zustand-5.0.14.tgz 0ms (cache hit)
npm http cache use-sync-external-store@https://registry.npmjs.org/use-sync-external-store/-/use-sync-external-store-1.6.0.tgz 0ms (cache hit)
npm http cache tunnel-rat@https://registry.npmjs.org/tunnel-rat/-/tunnel-rat-0.1.2.tgz 0ms (cache hit)
npm http cache troika-three-text@https://registry.npmjs.org/troika-three-text/-/troika-three-text-0.52.5.tgz 0ms (cache hit)
npm http cache three-stdlib@https://registry.npmjs.org/three-stdlib/-/three-stdlib-2.36.1.tgz 0ms (cache hit)
npm http cache suspend-react@https://registry.npmjs.org/suspend-react/-/suspend-react-0.1.3.tgz 0ms (cache hit)
npm http cache @types/three@https://registry.npmjs.org/@types/three/-/three-0.185.4.tgz 0ms (cache hit)
npm http cache three-mesh-bvh@https://registry.npmjs.org/three-mesh-bvh/-/three-mesh-bvh-0.8.3.tgz 0ms (cache hit)
npm http cache stats-gl@https://registry.npmjs.org/stats-gl/-/stats-gl-2.4.2.tgz 0ms (cache hit)
npm http cache meshline@https://registry.npmjs.org/meshline/-/meshline-3.3.1.tgz 0ms (cache hit)
npm http cache stats.js@https://registry.npmjs.org/stats.js/-/stats.js-0.17.0.tgz 0ms (cache hit)
npm http cache maath@https://registry.npmjs.org/maath/-/maath-0.10.8.tgz 0ms (cache hit)
npm http cache hls.js@https://registry.npmjs.org/hls.js/-/hls.js-1.6.17.tgz 0ms (cache hit)
npm http cache detect-gpu@https://registry.npmjs.org/detect-gpu/-/detect-gpu-5.0.70.tgz 0ms (cache hit)
npm http cache glsl-noise@https://registry.npmjs.org/glsl-noise/-/glsl-noise-0.0.0.tgz 0ms (cache hit)
npm http cache @monogrid/gainmap-js@https://registry.npmjs.org/@monogrid/gainmap-js/-/gainmap-js-3.4.0.tgz 0ms (cache hit)
npm http cache @mediapipe/tasks-vision@https://registry.npmjs.org/@mediapipe/tasks-vision/-/tasks-vision-0.10.17.tgz 0ms (cache hit)
npm http cache @babel/runtime@https://registry.npmjs.org/@babel/runtime/-/runtime-7.29.7.tgz 0ms (cache hit)
npm http cache @use-gesture/react@https://registry.npmjs.org/@use-gesture/react/-/react-10.3.1.tgz 0ms (cache hit)
npm http cache cross-env@https://registry.npmjs.org/cross-env/-/cross-env-7.0.3.tgz 0ms (cache hit)
npm http cache camera-controls@https://registry.npmjs.org/camera-controls/-/camera-controls-3.1.2.tgz 0ms (cache hit)
npm http cache preact@https://registry.npmjs.org/preact/-/preact-10.24.3.tgz 0ms (cache hit)
npm http cache preact-render-to-string@https://registry.npmjs.org/preact-render-to-string/-/preact-render-to-string-6.5.11.tgz 0ms (cache hit)
npm http cache oauth4webapi@https://registry.npmjs.org/oauth4webapi/-/oauth4webapi-3.8.7.tgz 0ms (cache hit)
npm http cache @panva/hkdf@https://registry.npmjs.org/@panva/hkdf/-/hkdf-1.2.1.tgz 0ms (cache hit)
npm http cache @auth/core@https://registry.npmjs.org/@auth/core/-/core-0.41.3.tgz 0ms (cache hit)
npm http cache jose@https://registry.npmjs.org/jose/-/jose-6.2.8.tgz 1ms (cache hit)
npm http cache zod@https://registry.npmjs.org/zod/-/zod-3.25.76.tgz 0ms (cache hit)
npm http cache tailwindcss@https://registry.npmjs.org/tailwindcss/-/tailwindcss-4.3.3.tgz 0ms (cache hit)
npm http cache superjson@https://registry.npmjs.org/superjson/-/superjson-2.2.6.tgz 0ms (cache hit)
npm http cache server-only@https://registry.npmjs.org/server-only/-/server-only-0.0.1.tgz 0ms (cache hit)
npm http cache prettier-plugin-tailwindcss@https://registry.npmjs.org/prettier-plugin-tailwindcss/-/prettier-plugin-tailwindcss-0.6.14.tgz 0ms (cache hit)
npm http cache postcss@https://registry.npmjs.org/postcss/-/postcss-8.5.26.tgz 0ms (cache hit)
npm http cache prettier@https://registry.npmjs.org/prettier/-/prettier-3.9.6.tgz 1ms (cache hit)
npm http cache next-auth@https://registry.npmjs.org/next-auth/-/next-auth-5.0.0-beta.25.tgz 0ms (cache hit)
npm http cache prisma@https://registry.npmjs.org/prisma/-/prisma-6.19.3.tgz 0ms (cache hit)
npm http cache react-dom@https://registry.npmjs.org/react-dom/-/react-dom-19.2.8.tgz 0ms (cache hit)
npm http cache next@https://registry.npmjs.org/next/-/next-15.5.23.tgz 0ms (cache hit)
npm http cache framer-motion@https://registry.npmjs.org/framer-motion/-/framer-motion-13.1.0.tgz 0ms (cache hit)
npm http cache lenis@https://registry.npmjs.org/lenis/-/lenis-1.3.26.tgz 0ms (cache hit)
npm http cache eslint-config-next@https://registry.npmjs.org/eslint-config-next/-/eslint-config-next-15.5.23.tgz 0ms (cache hit)
npm http cache @types/react-dom@https://registry.npmjs.org/@types/react-dom/-/react-dom-19.2.4.tgz 0ms (cache hit)
npm http cache @trpc/react-query@https://registry.npmjs.org/@trpc/react-query/-/react-query-11.18.0.tgz 0ms (cache hit)
npm http cache eslint@https://registry.npmjs.org/eslint/-/eslint-9.39.5.tgz 0ms (cache hit)
npm http cache @types/react@https://registry.npmjs.org/@types/react/-/react-19.2.18.tgz 0ms (cache hit)
npm http cache @trpc/server@https://registry.npmjs.org/@trpc/server/-/server-11.18.0.tgz 0ms (cache hit)
npm http cache typescript@https://registry.npmjs.org/typescript/-/typescript-5.9.3.tgz 0ms (cache hit)
npm http cache @trpc/client@https://registry.npmjs.org/@trpc/client/-/client-11.18.0.tgz 0ms (cache hit)
npm http cache @tailwindcss/postcss@https://registry.npmjs.org/@tailwindcss/postcss/-/postcss-4.3.3.tgz 0ms (cache hit)
npm http cache @tanstack/react-query@https://registry.npmjs.org/@tanstack/react-query/-/react-query-5.101.4.tgz 0ms (cache hit)
npm http cache @react-three/fiber@https://registry.npmjs.org/@react-three/fiber/-/fiber-9.7.0.tgz 0ms (cache hit)
npm http cache @react-three/drei@https://registry.npmjs.org/@react-three/drei/-/drei-10.7.8.tgz 1ms (cache hit)
npm http cache @t3-oss/env-nextjs@https://registry.npmjs.org/@t3-oss/env-nextjs/-/env-nextjs-0.13.11.tgz 0ms (cache hit)
npm http cache three@https://registry.npmjs.org/three/-/three-0.185.1.tgz 0ms (cache hit)
npm http cache @types/node@https://registry.npmjs.org/@types/node/-/node-22.20.1.tgz 0ms (cache hit)
npm http cache @gsap/react@https://registry.npmjs.org/@gsap/react/-/react-2.1.2.tgz 1ms (cache hit)
npm http cache @prisma/client@https://registry.npmjs.org/@prisma/client/-/client-6.19.3.tgz 0ms (cache hit)
npm http cache @auth/prisma-adapter@https://registry.npmjs.org/@auth/prisma-adapter/-/prisma-adapter-2.11.3.tgz 0ms (cache hit)
npm http cache react@https://registry.npmjs.org/react/-/react-19.2.8.tgz 0ms (cache hit)
npm http cache @emnapi/runtime@https://registry.npmjs.org/@emnapi/runtime/-/runtime-1.10.0.tgz 0ms (cache hit)
npm http cache semver@https://registry.npmjs.org/semver/-/semver-6.3.1.tgz 0ms (cache hit)
npm http cache citty@https://registry.npmjs.org/citty/-/citty-0.2.2.tgz 0ms (cache hit)
npm http cache debug@https://registry.npmjs.org/debug/-/debug-3.2.7.tgz 0ms (cache hit)
npm http cache picomatch@https://registry.npmjs.org/picomatch/-/picomatch-4.0.5.tgz 0ms (cache hit)
npm http cache gsap@https://registry.npmjs.org/gsap/-/gsap-3.15.0.tgz 0ms (cache hit)
npm http cache fdir@https://registry.npmjs.org/fdir/-/fdir-6.5.0.tgz 0ms (cache hit)
npm http cache brace-expansion@https://registry.npmjs.org/brace-expansion/-/brace-expansion-5.0.9.tgz 0ms (cache hit)
npm http cache eslint-visitor-keys@https://registry.npmjs.org/eslint-visitor-keys/-/eslint-visitor-keys-5.0.1.tgz 0ms (cache hit)
npm http cache glob-parent@https://registry.npmjs.org/glob-parent/-/glob-parent-5.1.2.tgz 0ms (cache hit)
npm http cache semver@https://registry.npmjs.org/semver/-/semver-6.3.1.tgz 0ms (cache hit)
npm http cache minimatch@https://registry.npmjs.org/minimatch/-/minimatch-10.2.6.tgz 0ms (cache hit)
npm http cache balanced-match@https://registry.npmjs.org/balanced-match/-/balanced-match-4.0.4.tgz 0ms (cache hit)
npm http cache semver@https://registry.npmjs.org/semver/-/semver-6.3.1.tgz 0ms (cache hit)
npm http cache debug@https://registry.npmjs.org/debug/-/debug-3.2.7.tgz 0ms (cache hit)
npm http cache debug@https://registry.npmjs.org/debug/-/debug-3.2.7.tgz 0ms (cache hit)
npm http cache ignore@https://registry.npmjs.org/ignore/-/ignore-7.0.6.tgz 0ms (cache hit)
npm http cache eslint-visitor-keys@https://registry.npmjs.org/eslint-visitor-keys/-/eslint-visitor-keys-3.4.3.tgz 0ms (cache hit)
npm http cache fflate@https://registry.npmjs.org/fflate/-/fflate-0.6.11.tgz 0ms (cache hit)
npm http cache preact-render-to-string@https://registry.npmjs.org/preact-render-to-string/-/preact-render-to-string-5.2.3.tgz 0ms (cache hit)
npm http cache zustand@https://registry.npmjs.org/zustand/-/zustand-4.5.7.tgz 0ms (cache hit)
npm http cache three@https://registry.npmjs.org/three/-/three-0.170.0.tgz 0ms (cache hit)
npm http cache @auth/core@https://registry.npmjs.org/@auth/core/-/core-0.37.2.tgz 0ms (cache hit)
npm http cache preact@https://registry.npmjs.org/preact/-/preact-10.11.3.tgz 0ms (cache hit)
npm http cache postcss@https://registry.npmjs.org/postcss/-/postcss-8.4.31.tgz 0ms (cache hit)
npm http cache jose@https://registry.npmjs.org/jose/-/jose-5.10.0.tgz 0ms (cache hit)
npm http fetch GET 200 https://registry.npmjs.org/nanoid/-/nanoid-3.3.18.tgz 22607ms (cache miss)
npm http fetch GET 200 https://registry.npmjs.org/eslint-config-next/-/eslint-config-next-15.5.23.tgz 32899ms (cache miss)
npm http fetch GET 200 https://registry.npmjs.org/@next/env/-/env-15.5.23.tgz 33832ms (cache miss)
npm http fetch GET 200 https://registry.npmjs.org/@typescript-eslint/parser/-/parser-8.67.0.tgz 46822ms (cache miss)
npm http fetch GET 200 https://registry.npmjs.org/@typescript-eslint/tsconfig-utils/-/tsconfig-utils-8.67.0.tgz 54072ms (cache miss)
npm http fetch GET 200 https://registry.npmjs.org/@typescript-eslint/visitor-keys/-/visitor-keys-8.67.0.tgz 55179ms (cache miss)
npm http fetch GET 200 https://registry.npmjs.org/@typescript-eslint/project-service/-/project-service-8.67.0.tgz 56021ms (cache miss)
npm http fetch GET 200 https://registry.npmjs.org/oauth4webapi/-/oauth4webapi-3.8.7.tgz 63637ms (cache miss)
npm http fetch GET 200 https://registry.npmjs.org/@t3-oss/env-nextjs/-/env-nextjs-0.13.11.tgz 65467ms (cache miss)
npm http fetch GET 200 https://registry.npmjs.org/@typescript-eslint/types/-/types-8.67.0.tgz 82238ms (cache miss)
npm http fetch GET 200 https://registry.npmjs.org/@t3-oss/env-core/-/env-core-0.13.11.tgz 99586ms (cache miss)
npm http fetch GET 200 https://registry.npmjs.org/@typescript-eslint/type-utils/-/type-utils-8.67.0.tgz 142124ms (cache miss)
npm http fetch GET 200 https://registry.npmjs.org/@next/eslint-plugin-next/-/eslint-plugin-next-15.5.23.tgz 152719ms (cache miss)
npm http fetch GET 200 https://registry.npmjs.org/postcss/-/postcss-8.5.26.tgz 155401ms (cache miss)
npm http fetch GET 200 https://registry.npmjs.org/@typescript-eslint/utils/-/utils-8.67.0.tgz 168522ms (cache miss)
npm http fetch GET 200 https://registry.npmjs.org/axe-core/-/axe-core-4.13.0.tgz 168637ms (cache miss)
npm http fetch GET 200 https://registry.npmjs.org/@typescript-eslint/typescript-estree/-/typescript-estree-8.67.0.tgz 170540ms (cache miss)
npm http fetch GET 200 https://registry.npmjs.org/@types/node/-/node-22.20.1.tgz 177673ms (cache miss)
npm http fetch GET 200 https://registry.npmjs.org/@typescript-eslint/scope-manager/-/scope-manager-8.67.0.tgz 223032ms (cache miss)
npm http fetch GET 200 https://registry.npmjs.org/@typescript-eslint/eslint-plugin/-/eslint-plugin-8.67.0.tgz 233592ms (cache miss)
npm http fetch GET 200 https://registry.npmjs.org/framer-motion/-/framer-motion-13.1.0.tgz 233648ms (cache miss)
npm http fetch GET 200 https://registry.npmjs.org/@react-three/drei/-/drei-10.7.8.tgz 233928ms (cache miss)
npm http fetch GET 200 https://registry.npmjs.org/hls.js/-/hls.js-1.6.17.tgz 238483ms (cache miss)
npm http fetch GET 200 https://registry.npmjs.org/caniuse-lite/-/caniuse-lite-1.0.30001809.tgz 262409ms (cache miss)
npm http fetch GET 200 https://registry.npmjs.org/@next/swc-win32-x64-msvc/-/swc-win32-x64-msvc-15.5.23.tgz 294568ms (cache miss)
npm http fetch GET 200 https://registry.npmjs.org/next/-/next-15.5.23.tgz 359627ms (cache miss)
npm info run prisma@6.19.3 preinstall node_modules/prisma node scripts/preinstall-entry.js
npm info run prisma@6.19.3 preinstall { code: 0, signal: null }
npm info run sharp@0.34.5 install node_modules/sharp node install/check.js || npm run build
npm info run sharp@0.34.5 install { code: 0, signal: null }
npm info run @prisma/client@6.19.3 postinstall node_modules/@prisma/client node scripts/postinstall.js
npm info run @prisma/engines@6.19.3 postinstall node_modules/@prisma/engines node scripts/postinstall.js
npm info run unrs-resolver@1.12.2 postinstall node_modules/unrs-resolver node postinstall.js
npm info run unrs-resolver@1.12.2 postinstall { code: 0, signal: null }
npm info run @prisma/engines@6.19.3 postinstall { code: 0, signal: null }
npm info run @prisma/client@6.19.3 postinstall { code: 0, signal: null }
npm verbose cwd E:\kirols-portfolio\kirols-portfolio
npm verbose os Windows_NT 10.0.19045
npm verbose node v22.15.0
npm verbose npm  v10.9.2
npm verbose exit 0
npm info ok
